book_names,book_urls,author_name,avg_rating,no_of_ratings,img_src,image_name
"Harry Potter and the Sorcerer's Stone (Harry Potter, #1)",https://www.goodreads.com/book/show/3.Harry_Potter_and_the_Sorcerer_s_Stone,J.K. Rowling,4.47,9969446,https://i.gr-assets.com/images/S/compressed.photo.goodreads.com/books/1474154022i/3._SY75_.jpg,cover_1.png
"The Hunger Games (The Hunger Games, #1)",https://www.goodreads.com/book/show/2767052-the-hunger-games,Suzanne Collins,4.34,8596106,https://i.gr-assets.com/images/S/compressed.photo.goodreads.com/books/1586722975i/2767052._SX50_.jpg,cover_2.png
To Kill a Mockingbird,https://www.goodreads.com/book/show/2657.To_Kill_a_Mockingbird,Harper Lee,4.26,6076069,https://i.gr-assets.com/images/S/compressed.photo.goodreads.com/books/1553383690i/2657._SY75_.jpg,cover_3.png
"The Hobbit (The Lord of the Rings, #0)",https://www.goodreads.com/book/show/5907.The_Hobbit,J.R.R. Tolkien,4.29,3938104,https://i.gr-assets.com/images/S/compressed.photo.goodreads.com/books/1546071216i/5907._SY75_.jpg,cover_4.png
"Harry Potter and the Prisoner of Azkaban (Harry Potter, #3)",https://www.goodreads.com/book/show/5.Harry_Potter_and_the_Prisoner_of_Azkaban,J.K. Rowling,4.58,4142299,https://i.gr-assets.com/images/S/compressed.photo.goodreads.com/books/1630547330i/5._SY75_.jpg,cover_5.png
"Harry Potter and the Goblet of Fire (Harry Potter, #4)",https://www.goodreads.com/book/show/6.Harry_Potter_and_the_Goblet_of_Fire,J.K. Rowling,4.57,3661897,https://i.gr-assets.com/images/S/compressed.photo.goodreads.com/books/1554006152i/6._SX50_.jpg,cover_6.png
1984,https://www.goodreads.com/book/show/5470.1984,George Orwell,4.19,4554510,https://i.gr-assets.com/images/S/compressed.photo.goodreads.com/books/1348990566i/5470._SY75_.jpg,cover_7.png
"Harry Potter and the Deathly Hallows (Harry Potter, #7)",https://www.goodreads.com/book/show/136251.Harry_Potter_and_the_Deathly_Hallows,J.K. Rowling,4.62,3681204,https://i.gr-assets.com/images/S/compressed.photo.goodreads.com/books/1663805647i/136251._SY75_.jpg,cover_8.png
Pride and Prejudice,https://www.goodreads.com/book/show/1885.Pride_and_Prejudice,Jane Austen,4.29,4235940,https://i.gr-assets.com/images/S/compressed.photo.goodreads.com/books/1320399351i/1885._SY75_.jpg,cover_9.png
"Harry Potter and the Chamber of Secrets (Harry Potter, #2)",https://www.goodreads.com/book/show/15881.Harry_Potter_and_the_Chamber_of_Secrets,J.K. Rowling,4.43,3892295,https://i.gr-assets.com/images/S/compressed.photo.goodreads.com/books/1474169725i/15881._SY75_.jpg,cover_10.png
Animal Farm,https://www.goodreads.com/book/show/170448.Animal_Farm,George Orwell,3.99,3849719,https://i.gr-assets.com/images/S/compressed.photo.goodreads.com/books/1325861570i/170448._SY75_.jpg,cover_11.png
"Harry Potter and the Order of the Phoenix (Harry Potter, #5)",https://www.goodreads.com/book/show/2.Harry_Potter_and_the_Order_of_the_Phoenix,J.K. Rowling,4.50,3357850,https://i.gr-assets.com/images/S/compressed.photo.goodreads.com/books/1546910265i/2._SY75_.jpg,cover_12.png
"Harry Potter and the Half-Blood Prince (Harry Potter, #6)",https://www.goodreads.com/book/show/1.Harry_Potter_and_the_Half_Blood_Prince,J.K. Rowling,4.58,3249468,https://i.gr-assets.com/images/S/compressed.photo.goodreads.com/books/1587697303i/1._SX50_.jpg,cover_13.png
"The Fellowship of the Ring (The Lord of the Rings, #1)",https://www.goodreads.com/book/show/34.The_Fellowship_of_the_Ring,J.R.R. Tolkien,4.39,2794233,https://i.gr-assets.com/images/S/compressed.photo.goodreads.com/books/1298411339i/34._SX50_.jpg,cover_14.png
"Catching Fire (The Hunger Games, #2)",https://www.goodreads.com/book/show/6148028-catching-fire,Suzanne Collins,4.33,3542132,https://i.gr-assets.com/images/S/compressed.photo.goodreads.com/books/1586722941i/6148028._SY75_.jpg,cover_15.png
The Great Gatsby,https://www.goodreads.com/book/show/4671.The_Great_Gatsby,F. Scott Fitzgerald,3.93,5193736,https://i.gr-assets.com/images/S/compressed.photo.goodreads.com/books/1490528560i/4671._SY75_.jpg,cover_16.png
"The Lion, the Witch and the Wardrobe (Chronicles of Narnia, #1)",https://www.goodreads.com/book/show/100915.The_Lion_the_Witch_and_the_Wardrobe,C.S. Lewis,4.23,2778074,https://i.gr-assets.com/images/S/compressed.photo.goodreads.com/books/1353029077i/100915._SY75_.jpg,cover_17.png
The Diary of a Young Girl,https://www.goodreads.com/book/show/48855.The_Diary_of_a_Young_Girl,Anne Frank,4.19,3704392,https://i.gr-assets.com/images/S/compressed.photo.goodreads.com/books/1560816565i/48855._SY75_.jpg,cover_18.png
"Mockingjay (The Hunger Games, #3)",https://www.goodreads.com/book/show/7260188-mockingjay,Suzanne Collins,4.09,3199269,https://i.gr-assets.com/images/S/compressed.photo.goodreads.com/books/1586722918i/7260188._SY75_.jpg,cover_19.png
Lord of the Flies,https://www.goodreads.com/book/show/7624.Lord_of_the_Flies,William Golding,3.69,2886863,https://i.gr-assets.com/images/S/compressed.photo.goodreads.com/books/1327869409i/7624._SY75_.jpg,cover_20.png
The Kite Runner,https://www.goodreads.com/book/show/77203.The_Kite_Runner,Khaled Hosseini,4.34,3127761,https://i.gr-assets.com/images/S/compressed.photo.goodreads.com/books/1579036753i/77203._SY75_.jpg,cover_21.png
"The Da Vinci Code (Robert Langdon, #2)",https://www.goodreads.com/book/show/968.The_Da_Vinci_Code,Dan Brown,3.91,2340857,https://i.gr-assets.com/images/S/compressed.photo.goodreads.com/books/1579621267i/968._SY75_.jpg,cover_22.png
The Catcher in the Rye,https://www.goodreads.com/book/show/5107.The_Catcher_in_the_Rye,J.D. Salinger,3.80,3501591,https://i.gr-assets.com/images/S/compressed.photo.goodreads.com/books/1398034300i/5107._SY75_.jpg,cover_23.png
"A Game of Thrones (A Song of Ice and Fire, #1)",https://www.goodreads.com/book/show/13496.A_Game_of_Thrones,George R.R. Martin,4.44,2475297,https://i.gr-assets.com/images/S/compressed.photo.goodreads.com/books/1562726234i/13496._SY75_.jpg,cover_24.png
The Fault in Our Stars,https://www.goodreads.com/book/show/11870085-the-fault-in-our-stars,John Green,4.14,5101259,https://i.gr-assets.com/images/S/compressed.photo.goodreads.com/books/1660273739i/11870085._SX50_.jpg,cover_25.png
"The Girl with the Dragon Tattoo (Millennium, #1)",https://www.goodreads.com/book/show/2429135.The_Girl_with_the_Dragon_Tattoo,Stieg Larsson,4.17,3166341,https://i.gr-assets.com/images/S/compressed.photo.goodreads.com/books/1684638853i/2429135._SX50_.jpg,cover_26.png
"Divergent (Divergent, #1)",https://www.goodreads.com/book/show/13335037-divergent,Veronica Roth,4.14,3946677,https://i.gr-assets.com/images/S/compressed.photo.goodreads.com/books/1618526890i/13335037._SY75_.jpg,cover_27.png
Fahrenheit 451,https://www.goodreads.com/book/show/17470674-fahrenheit-451,Ray Bradbury,3.97,2395626,https://i.gr-assets.com/images/S/compressed.photo.goodreads.com/books/1469704347i/17470674._SX50_.jpg,cover_28.png
The Book Thief,https://www.goodreads.com/book/show/19063.The_Book_Thief,Markus Zusak,4.39,2536887,https://i.gr-assets.com/images/S/compressed.photo.goodreads.com/books/1522157426i/19063._SY75_.jpg,cover_29.png
"The Lightning Thief (Percy Jackson and the Olympians, #1)",https://www.goodreads.com/book/show/28187.The_Lightning_Thief,Rick Riordan,4.31,2978092,https://i.gr-assets.com/images/S/compressed.photo.goodreads.com/books/1400602609i/28187._SY75_.jpg,cover_30.png
"Twilight (The Twilight Saga, #1)",https://www.goodreads.com/book/show/41865.Twilight,Stephenie Meyer,3.65,6531703,https://i.gr-assets.com/images/S/compressed.photo.goodreads.com/books/1700522826i/41865._SY75_.jpg,cover_31.png
Jane Eyre,https://www.goodreads.com/book/show/10210.Jane_Eyre,Charlotte Brontë,4.15,2083960,https://i.gr-assets.com/images/S/compressed.photo.goodreads.com/books/1557343311i/10210._SY75_.jpg,cover_32.png
Romeo and Juliet,https://www.goodreads.com/book/show/18135.Romeo_and_Juliet,William Shakespeare,3.74,2588677,https://i.gr-assets.com/images/S/compressed.photo.goodreads.com/books/1629680008i/18135._SY75_.jpg,cover_33.png
Of Mice and Men,https://www.goodreads.com/book/show/890.Of_Mice_and_Men,John Steinbeck,3.88,2527028,https://i.gr-assets.com/images/S/compressed.photo.goodreads.com/books/1511302904i/890._SX50_.jpg,cover_34.png
Little Women,https://www.goodreads.com/book/show/1934.Little_Women,Louisa May Alcott,4.15,2217108,https://i.gr-assets.com/images/S/compressed.photo.goodreads.com/books/1562690475i/1934._SY75_.jpg,cover_35.png
Memoirs of a Geisha,https://www.goodreads.com/book/show/930.Memoirs_of_a_Geisha,Arthur Golden,4.15,1993168,https://i.gr-assets.com/images/S/compressed.photo.goodreads.com/books/1388367666i/930._SY75_.jpg,cover_36.png
"The Hitchhiker’s Guide to the Galaxy (The Hitchhiker's Guide to the Galaxy, #1)",https://www.goodreads.com/book/show/386162.The_Hitchhiker_s_Guide_to_the_Galaxy,Douglas Adams,4.23,1829899,https://i.gr-assets.com/images/S/compressed.photo.goodreads.com/books/1559986152l/386162._SX50_SY75_.jpg,cover_37.png
The Help,https://www.goodreads.com/book/show/4667024-the-help,Kathryn Stockett,4.47,2746301,https://i.gr-assets.com/images/S/compressed.photo.goodreads.com/books/1622355533i/4667024._SY75_.jpg,cover_38.png
"Angels & Demons (Robert Langdon, #1)",https://www.goodreads.com/book/show/960.Angels_Demons,Dan Brown,3.94,3182670,https://i.gr-assets.com/images/S/compressed.photo.goodreads.com/books/1696691404i/960._SY75_.jpg,cover_39.png
"The Giver (The Giver, #1)",https://www.goodreads.com/book/show/3636.The_Giver,Lois Lowry,4.12,2457323,https://i.gr-assets.com/images/S/compressed.photo.goodreads.com/books/1342493368i/3636._SY75_.jpg,cover_40.png
The Alchemist,https://www.goodreads.com/book/show/865.The_Alchemist,Paulo Coelho,3.91,3026456,https://i.gr-assets.com/images/S/compressed.photo.goodreads.com/books/1483412266i/865._SY75_.jpg,cover_41.png
Brave New World,https://www.goodreads.com/book/show/5129.Brave_New_World,Aldous Huxley,3.99,1842780,https://i.gr-assets.com/images/S/compressed.photo.goodreads.com/books/1575509280i/5129._SY75_.jpg,cover_42.png
The Little Prince,https://www.goodreads.com/book/show/157993.The_Little_Prince,Antoine de Saint-Exupéry,4.32,2093902,https://i.gr-assets.com/images/S/compressed.photo.goodreads.com/books/1367545443i/157993._SY75_.jpg,cover_43.png
Gone Girl,https://www.goodreads.com/book/show/21480930-gone-girl,Gillian Flynn,4.13,3068872,https://i.gr-assets.com/images/S/compressed.photo.goodreads.com/books/1553964259i/21480930._SY75_.jpg,cover_44.png
The Time Traveler’s Wife,https://www.goodreads.com/book/show/18619684-the-time-traveler-s-wife,Audrey Niffenegger,3.99,1779622,https://i.gr-assets.com/images/S/compressed.photo.goodreads.com/books/1380660571i/18619684._SX50_.jpg,cover_45.png
The Lovely Bones,https://www.goodreads.com/book/show/12232938-the-lovely-bones,Alice Sebold,3.85,2344220,https://i.gr-assets.com/images/S/compressed.photo.goodreads.com/books/1457810586i/12232938._SY75_.jpg,cover_46.png
Charlotte’s Web,https://www.goodreads.com/book/show/24178.Charlotte_s_Web,E.B. White,4.20,1820149,https://i.gr-assets.com/images/S/compressed.photo.goodreads.com/books/1628267712i/24178._SY75_.jpg,cover_47.png
"City of Bones (The Mortal Instruments, #1)",https://www.goodreads.com/book/show/256683.City_of_Bones,Cassandra Clare,4.07,1991382,https://i.gr-assets.com/images/S/compressed.photo.goodreads.com/books/1432730315i/256683._SY75_.jpg,cover_48.png
Life of Pi,https://www.goodreads.com/book/show/4214.Life_of_Pi,Yann Martel,3.94,1615925,https://i.gr-assets.com/images/S/compressed.photo.goodreads.com/books/1631251689i/4214._SY75_.jpg,cover_49.png
"Breaking Dawn (The Twilight Saga, #4)",https://www.goodreads.com/book/show/1162543.Breaking_Dawn,Stephenie Meyer,3.74,1695579,https://i.gr-assets.com/images/S/compressed.photo.goodreads.com/books/1361039438i/1162543._SY75_.jpg,cover_50.png
"Eragon (The Inheritance Cycle, #1)",https://www.goodreads.com/book/show/113436.Eragon,Christopher Paolini,3.95,1765334,https://i.gr-assets.com/images/S/compressed.photo.goodreads.com/books/1366212852i/113436._SX50_.jpg,cover_51.png
"Ender’s Game (Ender's Saga, #1)",https://www.goodreads.com/book/show/375802.Ender_s_Game,Orson Scott Card,4.31,1367186,https://i.gr-assets.com/images/S/compressed.photo.goodreads.com/books/1408303130i/375802._SY75_.jpg,cover_52.png
Wuthering Heights,https://www.goodreads.com/book/show/6185.Wuthering_Heights,Emily Brontë,3.89,1791657,https://i.gr-assets.com/images/S/compressed.photo.goodreads.com/books/1388212715i/6185._SY75_.jpg,cover_53.png
"The Golden Compass (His Dark Materials, #1)",https://www.goodreads.com/book/show/119322.The_Golden_Compass,Philip Pullman,4.02,1518985,https://i.gr-assets.com/images/S/compressed.photo.goodreads.com/books/1505766203i/119322._SX50_.jpg,cover_54.png
"Eclipse (The Twilight Saga, #3)",https://www.goodreads.com/book/show/428263.Eclipse,Stephenie Meyer,3.73,1798295,https://i.gr-assets.com/images/S/compressed.photo.goodreads.com/books/1361038355i/428263._SY75_.jpg,cover_55.png
The Adventures of Huckleberry Finn,https://www.goodreads.com/book/show/2956.The_Adventures_of_Huckleberry_Finn,Mark Twain,3.83,1262173,https://i.gr-assets.com/images/S/compressed.photo.goodreads.com/books/1546096879i/2956._SX50_.jpg,cover_56.png
"New Moon (The Twilight Saga, #2)",https://www.goodreads.com/book/show/49041.New_Moon,Stephenie Meyer,3.59,1912488,https://i.gr-assets.com/images/S/compressed.photo.goodreads.com/books/1630592760i/49041._SX50_.jpg,cover_57.png
The Perks of Being a Wallflower,https://www.goodreads.com/book/show/22628.The_Perks_of_Being_a_Wallflower,Stephen Chbosky,4.23,1779966,https://i.gr-assets.com/images/S/compressed.photo.goodreads.com/books/1650033115i/22628._SX50_.jpg,cover_58.png
The Girl on the Train,https://www.goodreads.com/book/show/22557272-the-girl-on-the-train,Paula Hawkins,3.96,2920770,https://i.gr-assets.com/images/S/compressed.photo.goodreads.com/books/1574805682i/22557272._SX50_.jpg,cover_59.png
The Curious Incident of the Dog in the Night-Time,https://www.goodreads.com/book/show/1618.The_Curious_Incident_of_the_Dog_in_the_Night_Time,Mark Haddon,3.89,1471780,https://i.gr-assets.com/images/S/compressed.photo.goodreads.com/books/1479863624i/1618._SY75_.jpg,cover_60.png
"The Handmaid’s Tale (The Handmaid's Tale, #1)",https://www.goodreads.com/book/show/38447.The_Handmaid_s_Tale,Margaret Atwood,4.14,2029581,https://i.gr-assets.com/images/S/compressed.photo.goodreads.com/books/1578028274i/38447._SY75_.jpg,cover_61.png
Water for Elephants,https://www.goodreads.com/book/show/43641.Water_for_Elephants,Sara Gruen,4.11,1608867,https://i.gr-assets.com/images/S/compressed.photo.goodreads.com/books/1667708346i/43641._SY75_.jpg,cover_62.png
"The Notebook (The Notebook, #1)",https://www.goodreads.com/book/show/33648131-the-notebook,Nicholas Sparks,4.15,1680770,https://i.gr-assets.com/images/S/compressed.photo.goodreads.com/books/1483183484i/33648131._SY75_.jpg,cover_63.png
Where the Crawdads Sing,https://www.goodreads.com/book/show/42421761-where-the-crawdads-sing,Delia Owens,4.39,2946532,https://i.gr-assets.com/images/S/compressed.photo.goodreads.com/books/1628280044i/42421761._SY75_.jpg,cover_64.png
And Then There Were None,https://www.goodreads.com/book/show/16299.And_Then_There_Were_None,Agatha Christie,4.28,1341092,https://i.gr-assets.com/images/S/compressed.photo.goodreads.com/books/1638425885i/16299._SY75_.jpg,cover_65.png
"Fifty Shades of Grey (Fifty Shades, #1)",https://www.goodreads.com/book/show/10818853-fifty-shades-of-grey,E.L. James,3.66,2588388,https://i.gr-assets.com/images/S/compressed.photo.goodreads.com/books/1385207843i/10818853._SX50_.jpg,cover_66.png
A Thousand Splendid Suns,https://www.goodreads.com/book/show/128029.A_Thousand_Splendid_Suns,Khaled Hosseini,4.43,1518087,https://i.gr-assets.com/images/S/compressed.photo.goodreads.com/books/1655336738i/128029._SY75_.jpg,cover_67.png
Slaughterhouse-Five,https://www.goodreads.com/book/show/4981.Slaughterhouse_Five,Kurt Vonnegut Jr.,4.10,1363491,https://i.gr-assets.com/images/S/compressed.photo.goodreads.com/books/1440319389i/4981._SY75_.jpg,cover_68.png
Where the Sidewalk Ends: Poems and Drawings,https://www.goodreads.com/book/show/20076302-where-the-sidewalk-ends,Shel Silverstein,4.33,1395017,https://i.gr-assets.com/images/S/compressed.photo.goodreads.com/books/1442291723i/20076302._SX50_.jpg,cover_69.png
Frankenstein: The 1818 Text,https://www.goodreads.com/book/show/35031085-frankenstein,Mary Wollstonecraft Shelley,3.87,1583769,https://i.gr-assets.com/images/S/compressed.photo.goodreads.com/books/1631088473i/35031085._SY75_.jpg,cover_70.png
Dracula,https://www.goodreads.com/book/show/17245.Dracula,Bram Stoker,4.01,1265715,https://i.gr-assets.com/images/S/compressed.photo.goodreads.com/books/1387151694i/17245._SY75_.jpg,cover_71.png
"Eat, Pray, Love",https://www.goodreads.com/book/show/19501.Eat_Pray_Love,Elizabeth Gilbert,3.62,1736556,https://i.gr-assets.com/images/S/compressed.photo.goodreads.com/books/1503066414i/19501._SY75_.jpg,cover_72.png
"The Shining (The Shining, #1)",https://www.goodreads.com/book/show/11588.The_Shining,Stephen King,4.27,1476907,https://i.gr-assets.com/images/S/compressed.photo.goodreads.com/books/1353277730i/11588._SY75_.jpg,cover_73.png
The Seven Husbands of Evelyn Hugo,https://www.goodreads.com/book/show/32620332-the-seven-husbands-of-evelyn-hugo,Taylor Jenkins Reid,4.43,2919425,https://i.gr-assets.com/images/S/compressed.photo.goodreads.com/books/1664458703i/32620332._SY75_.jpg,cover_74.png
The Outsiders,https://www.goodreads.com/book/show/231804.The_Outsiders,S.E. Hinton,4.12,1323104,https://i.gr-assets.com/images/S/compressed.photo.goodreads.com/books/1442129426i/231804._SY75_.jpg,cover_75.png
All the Light We Cannot See,https://www.goodreads.com/book/show/18143977-all-the-light-we-cannot-see,Anthony Doerr,4.32,1636924,https://i.gr-assets.com/images/S/compressed.photo.goodreads.com/books/1451445646i/18143977._SY75_.jpg,cover_76.png
Educated,https://www.goodreads.com/book/show/35133922-educated,Tara Westover,4.47,1504471,https://i.gr-assets.com/images/S/compressed.photo.goodreads.com/books/1506026635i/35133922._SY75_.jpg,cover_77.png
"Insurgent (Divergent, #2)",https://www.goodreads.com/book/show/11735983-insurgent,Veronica Roth,3.97,1489803,https://i.gr-assets.com/images/S/compressed.photo.goodreads.com/books/1618525340i/11735983._SY75_.jpg,cover_78.png
Sense and Sensibility,https://www.goodreads.com/book/show/14935.Sense_and_Sensibility,Jane Austen,4.08,1183410,https://i.gr-assets.com/images/S/compressed.photo.goodreads.com/books/1397245675i/14935._SY75_.jpg,cover_79.png
"The Maze Runner (The Maze Runner, #1)",https://www.goodreads.com/book/show/20957276-the-maze-runner,James Dashner,4.05,1514886,https://i.gr-assets.com/images/S/compressed.photo.goodreads.com/books/1412070617i/20957276._SY75_.jpg,cover_80.png
"Dune (Dune, #1)",https://www.goodreads.com/book/show/44767458-dune,Frank Herbert,4.27,1325662,https://i.gr-assets.com/images/S/compressed.photo.goodreads.com/books/1555447414i/44767458._SY75_.jpg,cover_81.png
"Night (The Night Trilogy, #1)",https://www.goodreads.com/book/show/1617.Night,Elie Wiesel,4.37,1236785,https://i.gr-assets.com/images/S/compressed.photo.goodreads.com/books/1709507006i/1617._SY75_.jpg,cover_82.png
The Picture of Dorian Gray,https://www.goodreads.com/book/show/5297.The_Picture_of_Dorian_Gray,Oscar Wilde,4.12,1517126,https://i.gr-assets.com/images/S/compressed.photo.goodreads.com/books/1546103428i/5297._SY75_.jpg,cover_83.png
Gone with the Wind,https://www.goodreads.com/book/show/18405.Gone_with_the_Wind,Margaret Mitchell,4.31,1204817,https://i.gr-assets.com/images/S/compressed.photo.goodreads.com/books/1551144577i/18405._SY75_.jpg,cover_84.png
The Secret Life of Bees,https://www.goodreads.com/book/show/37435.The_Secret_Life_of_Bees,Sue Monk Kidd,4.09,1286683,https://i.gr-assets.com/images/S/compressed.photo.goodreads.com/books/1628532099i/37435._SY75_.jpg,cover_85.png
"Me Before You (Me Before You, #1)",https://www.goodreads.com/book/show/17347634-me-before-you,Jojo Moyes,4.26,1616798,https://i.gr-assets.com/images/S/compressed.photo.goodreads.com/books/1665087720i/17347634._SY75_.jpg,cover_86.png
"Holes (Holes, #1)",https://www.goodreads.com/book/show/38709.Holes,Louis Sachar,4.00,1189939,https://i.gr-assets.com/images/S/compressed.photo.goodreads.com/books/1618269830i/38709._SX50_.jpg,cover_87.png
"A Wrinkle in Time (Time Quintet, #1)",https://www.goodreads.com/book/show/33574273-a-wrinkle-in-time,Madeleine L'Engle,3.98,1197009,https://i.gr-assets.com/images/S/compressed.photo.goodreads.com/books/1507963312i/33574273._SX50_.jpg,cover_88.png
The Silent Patient,https://www.goodreads.com/book/show/40097951-the-silent-patient,Alex Michaelides,4.18,2094695,https://i.gr-assets.com/images/S/compressed.photo.goodreads.com/books/1668782119i/40097951._SY75_.jpg,cover_89.png
"A Court of Thorns and Roses (A Court of Thorns and Roses, #1)",https://www.goodreads.com/book/show/50659467-a-court-of-thorns-and-roses,Sarah J. Maas,4.20,2350663,https://i.gr-assets.com/images/S/compressed.photo.goodreads.com/books/1620324329i/50659467._SY75_.jpg,cover_90.png
"Miss Peregrine's Home for Peculiar Children (Miss Peregrine's Peculiar Children, #1)",https://www.goodreads.com/book/show/9460487-miss-peregrine-s-home-for-peculiar-children,Ransom Riggs,3.92,1255449,https://i.gr-assets.com/images/S/compressed.photo.goodreads.com/books/1623449170i/9460487._SY75_.jpg,cover_91.png
"Ready Player One (Ready Player One, #1)",https://www.goodreads.com/book/show/9969571-ready-player-one,Ernest Cline,4.23,1158295,https://i.gr-assets.com/images/S/compressed.photo.goodreads.com/books/1500930947i/9969571._SY75_.jpg,cover_92.png
The Old Man and the Sea,https://www.goodreads.com/book/show/2165.The_Old_Man_and_the_Sea,Ernest Hemingway,3.80,1138683,https://i.gr-assets.com/images/S/compressed.photo.goodreads.com/books/1329189714i/2165._SY75_.jpg,cover_93.png
Looking for Alaska,https://www.goodreads.com/book/show/99561.Looking_for_Alaska,John Green,3.97,1588141,https://i.gr-assets.com/images/S/compressed.photo.goodreads.com/books/1652042180i/99561._SY75_.jpg,cover_94.png
"It Ends with Us (It Ends with Us, #1)",https://www.goodreads.com/book/show/27362503-it-ends-with-us,Colleen Hoover,4.17,3263542,https://i.gr-assets.com/images/S/compressed.photo.goodreads.com/books/1688011813i/27362503._SY75_.jpg,cover_95.png
The Midnight Library,https://www.goodreads.com/book/show/52578297-the-midnight-library,Matt Haig,4.00,1722664,https://i.gr-assets.com/images/S/compressed.photo.goodreads.com/books/1602190253i/52578297._SY75_.jpg,cover_96.png
The Secret Garden,https://www.goodreads.com/book/show/2998.The_Secret_Garden,Frances Hodgson Burnett,4.16,1161911,https://i.gr-assets.com/images/S/compressed.photo.goodreads.com/books/1327873635i/2998._SY75_.jpg,cover_97.png
My Sister's Keeper,https://www.goodreads.com/book/show/10917.My_Sister_s_Keeper,Jodi Picoult,4.10,1213831,https://i.gr-assets.com/images/S/compressed.photo.goodreads.com/books/1369504683i/10917._SY75_.jpg,cover_98.png
Eleanor & Park,https://www.goodreads.com/book/show/15745753-eleanor-park,Rainbow Rowell,3.94,1165277,https://i.gr-assets.com/images/S/compressed.photo.goodreads.com/books/1341952742i/15745753._SX50_.jpg,cover_99.png
Eleanor Oliphant Is Completely Fine,https://www.goodreads.com/book/show/31434883-eleanor-oliphant-is-completely-fine,Gail Honeyman,4.24,1213301,https://i.gr-assets.com/images/S/compressed.photo.goodreads.com/books/1493724347i/31434883._SY75_.jpg,cover_100.png
The Giving Tree,https://www.goodreads.com/book/show/370493.The_Giving_Tree,Shel Silverstein,4.38,1119370,https://i.gr-assets.com/images/S/compressed.photo.goodreads.com/books/1174210942i/370493._SX50_.jpg,cover_101.png
"The Selection (The Selection, #1)",https://www.goodreads.com/book/show/10507293-the-selection,Kiera Cass,4.08,1538074,https://i.gr-assets.com/images/S/compressed.photo.goodreads.com/books/1322103400i/10507293._SY75_.jpg,cover_102.png
Little Fires Everywhere,https://www.goodreads.com/book/show/34273236-little-fires-everywhere,Celeste Ng,4.08,1165605,https://i.gr-assets.com/images/S/compressed.photo.goodreads.com/books/1522684533i/34273236._SY75_.jpg,cover_103.png
Verity,https://www.goodreads.com/book/show/59344312-verity,Colleen Hoover,4.32,2603075,https://i.gr-assets.com/images/S/compressed.photo.goodreads.com/books/1634158558i/59344312._SY75_.jpg,cover_104.png
Steve Jobs,https://www.goodreads.com/book/show/11084145-steve-jobs,Walter Isaacson,4.16,1239760,https://i.gr-assets.com/images/S/compressed.photo.goodreads.com/books/1511288482i/11084145._SY75_.jpg,cover_105.png
The Song of Achilles,https://www.goodreads.com/book/show/13623848-the-song-of-achilles,Madeline Miller,4.33,1454647,https://i.gr-assets.com/images/S/compressed.photo.goodreads.com/books/1357177533i/13623848._SY75_.jpg,cover_106.png
The Glass Castle,https://www.goodreads.com/book/show/7445.The_Glass_Castle,Jeannette Walls,4.31,1202398,https://i.gr-assets.com/images/S/compressed.photo.goodreads.com/books/1523542886i/7445._SY75_.jpg,cover_107.png
Into the Wild,https://www.goodreads.com/book/show/1845.Into_the_Wild,Jon Krakauer,4.01,1084190,https://i.gr-assets.com/images/S/compressed.photo.goodreads.com/books/1634587789i/1845._SY75_.jpg,cover_108.png
The Martian,https://www.goodreads.com/book/show/18007564-the-martian,Andy Weir,4.41,1111603,https://i.gr-assets.com/images/S/compressed.photo.goodreads.com/books/1413706054i/18007564._SY75_.jpg,cover_109.png
Paper Towns,https://www.goodreads.com/book/show/6442769-paper-towns,John Green,3.71,1347874,https://i.gr-assets.com/images/S/compressed.photo.goodreads.com/books/1349013610i/6442769._SX50_.jpg,cover_110.png
The Odyssey,https://www.goodreads.com/book/show/1381.The_Odyssey,Homer,3.81,1072921,https://i.gr-assets.com/images/S/compressed.photo.goodreads.com/books/1390173285i/1381._SY75_.jpg,cover_111.png
The Nightingale,https://www.goodreads.com/book/show/21853621-the-nightingale,Kristin Hannah,4.62,1324359,https://i.gr-assets.com/images/S/compressed.photo.goodreads.com/books/1681839850i/21853621._SY75_.jpg,cover_112.png
The Love Hypothesis,https://www.goodreads.com/book/show/56732449-the-love-hypothesis,Ali Hazelwood,4.16,1354723,https://i.gr-assets.com/images/S/compressed.photo.goodreads.com/books/1611937942i/56732449._SX50_.jpg,cover_113.png
"The Cruel Prince (The Folk of the Air, #1)",https://www.goodreads.com/book/show/26032825-the-cruel-prince,Holly Black,4.05,1173721,https://i.gr-assets.com/images/S/compressed.photo.goodreads.com/books/1574535986i/26032825._SY75_.jpg,cover_114.png
The Stranger,https://www.goodreads.com/book/show/49552.The_Stranger,Albert Camus,4.02,1078899,https://i.gr-assets.com/images/S/compressed.photo.goodreads.com/books/1590930002i/49552._SY75_.jpg,cover_115.png
The Invisible Life of Addie LaRue,https://www.goodreads.com/book/show/50623864-the-invisible-life-of-addie-larue,V.E. Schwab,4.19,1040889,https://i.gr-assets.com/images/S/compressed.photo.goodreads.com/books/1584633432i/50623864._SY75_.jpg,cover_116.png
It,https://www.goodreads.com/book/show/830502.It,Stephen King,4.24,1101717,https://i.gr-assets.com/images/S/compressed.photo.goodreads.com/books/1334416842i/830502._SY75_.jpg,cover_117.png
"The Sea of Monsters (Percy Jackson and the Olympians, #2)",https://www.goodreads.com/book/show/28186.The_Sea_of_Monsters,Rick Riordan,4.25,1156124,https://i.gr-assets.com/images/S/compressed.photo.goodreads.com/books/1400602661i/28186._SX50_.jpg,cover_118.png
Lessons in Chemistry,https://www.goodreads.com/book/show/58065033-lessons-in-chemistry,Bonnie Garmus,4.30,1168294,https://i.gr-assets.com/images/S/compressed.photo.goodreads.com/books/1634748496i/58065033._SY75_.jpg,cover_119.png
The Metamorphosis,https://www.goodreads.com/book/show/485894.The_Metamorphosis,Franz Kafka,3.86,1042243,https://i.gr-assets.com/images/S/compressed.photo.goodreads.com/books/1646444605i/485894._SY75_.jpg,cover_120.png
We Were Liars,https://www.goodreads.com/book/show/16143347-we-were-liars,E. Lockhart,3.68,1133909,https://i.gr-assets.com/images/S/compressed.photo.goodreads.com/books/1402749479i/16143347._SY75_.jpg,cover_121.png
"Throne of Glass (Throne of Glass, #1)",https://www.goodreads.com/book/show/16034235-throne-of-glass,Sarah J. Maas,4.19,1412139,https://i.gr-assets.com/images/S/compressed.photo.goodreads.com/books/1419066050i/16034235._SY75_.jpg,cover_122.png
"Allegiant (Divergent, #3)",https://www.goodreads.com/book/show/18710190-allegiant,Veronica Roth,3.60,1046655,https://i.gr-assets.com/images/S/compressed.photo.goodreads.com/books/1395582745i/18710190._SY75_.jpg,cover_123.png
Circe,https://www.goodreads.com/book/show/35959740-circe,Madeline Miller,4.24,1032182,https://i.gr-assets.com/images/S/compressed.photo.goodreads.com/books/1565909496i/35959740._SY75_.jpg,cover_124.png
People We Meet on Vacation,https://www.goodreads.com/book/show/54985743-people-we-meet-on-vacation,Emily Henry,3.88,1106099,https://i.gr-assets.com/images/S/compressed.photo.goodreads.com/books/1618913179i/54985743._SX50_.jpg,cover_125.png
Beach Read,https://www.goodreads.com/book/show/52867387-beach-read,Emily Henry,4.01,1075217,https://i.gr-assets.com/images/S/compressed.photo.goodreads.com/books/1589881197i/52867387._SX50_.jpg,cover_126.png
Ugly Love,https://www.goodreads.com/book/show/17788401-ugly-love,Colleen Hoover,4.06,1774865,https://i.gr-assets.com/images/S/compressed.photo.goodreads.com/books/1632597571i/17788401._SY75_.jpg,cover_127.png
"A Court of Mist and Fury (A Court of Thorns and Roses, #2)",https://www.goodreads.com/book/show/50659468-a-court-of-mist-and-fury,Sarah J. Maas,4.65,1748034,https://i.gr-assets.com/images/S/compressed.photo.goodreads.com/books/1620325671i/50659468._SY75_.jpg,cover_128.png
"Outlander (Outlander, #1)",https://www.goodreads.com/book/show/10964.Outlander,Diana Gabaldon,4.26,1045693,https://i.gr-assets.com/images/S/compressed.photo.goodreads.com/books/1659086907i/10964._SY75_.jpg,cover_129.png
"The Battle of the Labyrinth (Percy Jackson and the Olympians, #4)",https://www.goodreads.com/book/show/2120932.The_Battle_of_the_Labyrinth,Rick Riordan,4.42,1068936,https://i.gr-assets.com/images/S/compressed.photo.goodreads.com/books/1518607478i/2120932._SX50_.jpg,cover_130.png
Normal People,https://www.goodreads.com/book/show/41057294-normal-people,Sally Rooney,3.81,1356865,https://i.gr-assets.com/images/S/compressed.photo.goodreads.com/books/1571423190i/41057294._SY75_.jpg,cover_131.png
November 9,https://www.goodreads.com/book/show/25111004-november-9,Colleen Hoover,4.15,1057245,https://i.gr-assets.com/images/S/compressed.photo.goodreads.com/books/1447138036i/25111004._SY75_.jpg,cover_132.png
"Wonder (Wonder, #1)",https://www.goodreads.com/book/show/11387515-wonder,R.J. Palacio,4.37,1078684,https://i.gr-assets.com/images/S/compressed.photo.goodreads.com/books/1545695751i/11387515._SY75_.jpg,cover_133.png
"Fourth Wing (The Empyrean, #1)",https://www.goodreads.com/book/show/61431922-fourth-wing,Rebecca Yarros,4.60,1351760,https://i.gr-assets.com/images/S/compressed.photo.goodreads.com/books/1701980900i/61431922._SY75_.jpg,cover_134.png
Daisy Jones & The Six,https://www.goodreads.com/book/show/40597810-daisy-jones-the-six,Taylor Jenkins Reid,4.21,1457917,https://i.gr-assets.com/images/S/compressed.photo.goodreads.com/books/1580255154i/40597810._SY75_.jpg,cover_135.png
"The Titan's Curse (Percy Jackson and the Olympians, #3)",https://www.goodreads.com/book/show/561456.The_Titan_s_Curse,Rick Riordan,4.37,1041210,https://i.gr-assets.com/images/S/compressed.photo.goodreads.com/books/1361038385i/561456._SY75_.jpg,cover_136.png
Reminders of Him,https://www.goodreads.com/book/show/58341222-reminders-of-him,Colleen Hoover,4.39,1165858,https://i.gr-assets.com/images/S/compressed.photo.goodreads.com/books/1627673942i/58341222._SX50_.jpg,cover_137.png
"Harry Potter and the Cursed Child: Parts One and Two (Harry Potter, #8)",https://www.goodreads.com/book/show/29056083-harry-potter-and-the-cursed-child,J.K. Rowling,3.49,1011796,https://i.gr-assets.com/images/S/compressed.photo.goodreads.com/books/1470082995i/29056083._SY75_.jpg,cover_138.png
"A Court of Wings and Ruin (A Court of Thorns and Roses, #3)",https://www.goodreads.com/book/show/50659472-a-court-of-wings-and-ruin,Sarah J. Maas,4.48,1435801,https://i.gr-assets.com/images/S/compressed.photo.goodreads.com/books/1585623092i/50659472._SX50_.jpg,cover_139.png
The Subtle Art of Not Giving a F*ck: A Counterintuitive Approach to Living a Good Life,https://www.goodreads.com/book/show/28257707-the-subtle-art-of-not-giving-a-f-ck,Mark Manson,3.89,1099321,https://i.gr-assets.com/images/S/compressed.photo.goodreads.com/books/1465761302i/28257707._SX50_.jpg,cover_140.png
"It Starts with Us (It Ends with Us, #2)",https://www.goodreads.com/book/show/60393672-it-starts-with-us,Colleen Hoover,3.87,1387396,https://i.gr-assets.com/images/S/compressed.photo.goodreads.com/books/1644605295i/60393672._SY75_.jpg,cover_141.png
Becoming,https://www.goodreads.com/book/show/38746485-becoming,Michelle Obama,4.46,1037286,https://i.gr-assets.com/images/S/compressed.photo.goodreads.com/books/1528206996i/38746485._SY75_.jpg,cover_142.png
Sharp Objects,https://www.goodreads.com/book/show/18045891-sharp-objects,Gillian Flynn,4.02,1029339,https://i.gr-assets.com/images/S/compressed.photo.goodreads.com/books/1475695315i/18045891._SY75_.jpg,cover_143.png
Book Lovers,https://www.goodreads.com/book/show/58690308-book-lovers,Emily Henry,4.14,1018189,https://i.gr-assets.com/images/S/compressed.photo.goodreads.com/books/1638867089i/58690308._SY75_.jpg,cover_144.png
Sapiens: A Brief History of Humankind,https://www.goodreads.com/book/show/23692271-sapiens,Yuval Noah Harari,4.36,1014407,https://i.gr-assets.com/images/S/compressed.photo.goodreads.com/books/1703329310i/23692271._SY75_.jpg,cover_145.png
"The Host (The Host, #1)",https://www.goodreads.com/book/show/1656001.The_Host,Stephenie Meyer,3.86,1003026,https://i.gr-assets.com/images/S/compressed.photo.goodreads.com/books/1318009171i/1656001._SY75_.jpg,cover_146.png
"A Court of Frost and Starlight (A Court of Thorns and Roses, #3.5)",https://www.goodreads.com/book/show/50659471-a-court-of-frost-and-starlight,Sarah J. Maas,3.77,1067487,https://i.gr-assets.com/images/S/compressed.photo.goodreads.com/books/1585622963i/50659471._SX50_.jpg,cover_147.png
Bossypants,https://www.goodreads.com/book/show/9418327-bossypants,Tina Fey,3.96,1001358,https://i.gr-assets.com/images/S/compressed.photo.goodreads.com/books/1481509554i/9418327._SY75_.jpg,cover_148.png
Tuesdays with Morrie,https://www.goodreads.com/book/show/6900.Tuesdays_with_Morrie,Mitch Albom,4.17,1018775,https://i.gr-assets.com/images/S/compressed.photo.goodreads.com/books/1423763749i/6900._SY75_.jpg,cover_149.png
A Man Called Ove,https://www.goodreads.com/book/show/18774964-a-man-called-ove,Fredrik Backman,4.38,1020076,https://i.gr-assets.com/images/S/compressed.photo.goodreads.com/books/1405259930i/18774964._SY75_.jpg,cover_150.png
"The Two Towers (The Lord of the Rings, #2)",https://www.goodreads.com/book/show/15241.The_Two_Towers,J.R.R. Tolkien,4.48,959455,https://i.gr-assets.com/images/S/compressed.photo.goodreads.com/books/1661031399i/15241._SX50_.jpg,cover_151.png
A Tale of Two Cities,https://www.goodreads.com/book/show/1953.A_Tale_of_Two_Cities,Charles Dickens,3.87,943057,https://i.gr-assets.com/images/S/compressed.photo.goodreads.com/books/1344922523i/1953._SY75_.jpg,cover_152.png
The Princess Bride,https://www.goodreads.com/book/show/21787.The_Princess_Bride,William Goldman,4.27,896314,https://i.gr-assets.com/images/S/compressed.photo.goodreads.com/books/1327903636i/21787._SY75_.jpg,cover_153.png
"Anne of Green Gables (Anne of Green Gables, #1)",https://www.goodreads.com/book/show/8127.Anne_of_Green_Gables,L.M. Montgomery,4.31,971215,https://i.gr-assets.com/images/S/compressed.photo.goodreads.com/books/1615094578i/8127._SY75_.jpg,cover_154.png
Hamlet,https://www.goodreads.com/book/show/1420.Hamlet,William Shakespeare,4.02,944548,https://i.gr-assets.com/images/S/compressed.photo.goodreads.com/books/1351051208i/1420._SY75_.jpg,cover_155.png
The Count of Monte Cristo,https://www.goodreads.com/book/show/7126.The_Count_of_Monte_Cristo,Alexandre Dumas,4.30,907888,https://i.gr-assets.com/images/S/compressed.photo.goodreads.com/books/1611834134i/7126._SY75_.jpg,cover_156.png
"The Return of the King (The Lord of the Rings, #3)",https://www.goodreads.com/book/show/18512.The_Return_of_the_King,J.R.R. Tolkien,4.56,895622,https://i.gr-assets.com/images/S/compressed.photo.goodreads.com/books/1520258755i/18512._SY75_.jpg,cover_157.png
"A Clash of Kings (A Song of Ice and Fire, #2)",https://www.goodreads.com/book/show/10572.A_Clash_of_Kings,George R.R. Martin,4.42,930051,https://i.gr-assets.com/images/S/compressed.photo.goodreads.com/books/1567840212i/10572._SY75_.jpg,cover_158.png
The Road,https://www.goodreads.com/book/show/6288.The_Road,Cormac McCarthy,3.99,897384,https://i.gr-assets.com/images/S/compressed.photo.goodreads.com/books/1600241424i/6288._SY75_.jpg,cover_159.png
The Adventures of Tom Sawyer,https://www.goodreads.com/book/show/24583.The_Adventures_of_Tom_Sawyer,Mark Twain,3.92,931451,https://i.gr-assets.com/images/S/compressed.photo.goodreads.com/books/1404811979i/24583._SY75_.jpg,cover_160.png
"Charlie and the Chocolate Factory (Charlie Bucket, #1)",https://www.goodreads.com/book/show/6310.Charlie_and_the_Chocolate_Factory,Roald Dahl,4.16,846785,https://i.gr-assets.com/images/S/compressed.photo.goodreads.com/books/1309211401i/6310._SY75_.jpg,cover_161.png
Les Misérables,https://www.goodreads.com/book/show/24280.Les_Mis_rables,Victor Hugo,4.20,794397,https://i.gr-assets.com/images/S/compressed.photo.goodreads.com/books/1411852091i/24280._SY75_.jpg,cover_162.png
"Jurassic Park (Jurassic Park, #1)",https://www.goodreads.com/book/show/6424171-jurassic-park,Michael Crichton,4.10,953373,https://i.gr-assets.com/images/S/compressed.photo.goodreads.com/books/1661028321i/6424171._SY75_.jpg,cover_163.png
Macbeth,https://www.goodreads.com/book/show/8852.Macbeth,William Shakespeare,3.90,891047,https://i.gr-assets.com/images/S/compressed.photo.goodreads.com/books/1459795224i/8852._SY75_.jpg,cover_164.png
Lolita,https://www.goodreads.com/book/show/7604.Lolita,Vladimir Nabokov,3.88,844603,https://i.gr-assets.com/images/S/compressed.photo.goodreads.com/books/1377756377i/7604._SY75_.jpg,cover_165.png
"The Girl Who Played with Fire (Millennium, #2)",https://www.goodreads.com/book/show/5060378-the-girl-who-played-with-fire,Stieg Larsson,4.25,919904,https://i.gr-assets.com/images/S/compressed.photo.goodreads.com/books/1351778881i/5060378._SX50_.jpg,cover_166.png
Catch-22,https://www.goodreads.com/book/show/168668.Catch_22,Joseph Heller,3.99,828522,https://i.gr-assets.com/images/S/compressed.photo.goodreads.com/books/1463157317i/168668._SY75_.jpg,cover_167.png
Where the Wild Things Are,https://www.goodreads.com/book/show/19543.Where_the_Wild_Things_Are,Maurice Sendak,4.24,999736,https://i.gr-assets.com/images/S/compressed.photo.goodreads.com/books/1384434560i/19543._SX50_.jpg,cover_168.png
One Hundred Years of Solitude,https://www.goodreads.com/book/show/320.One_Hundred_Years_of_Solitude,Gabriel García Márquez,4.11,964479,https://i.gr-assets.com/images/S/compressed.photo.goodreads.com/books/1327881361i/320._SX50_.jpg,cover_169.png
Emma,https://www.goodreads.com/book/show/6969.Emma,Jane Austen,4.05,878927,https://i.gr-assets.com/images/S/compressed.photo.goodreads.com/books/1373627931i/6969._SY75_.jpg,cover_170.png
A Christmas Carol,https://www.goodreads.com/book/show/5326.A_Christmas_Carol,Charles Dickens,4.08,838512,https://i.gr-assets.com/images/S/compressed.photo.goodreads.com/books/1406512317i/5326._SY75_.jpg,cover_171.png
The Lord of the Rings,https://www.goodreads.com/book/show/33.The_Lord_of_the_Rings,J.R.R. Tolkien,4.53,672499,https://i.gr-assets.com/images/S/compressed.photo.goodreads.com/books/1566425108i/33._SX50_.jpg,cover_172.png
The Stand,https://www.goodreads.com/book/show/149267.The_Stand,Stephen King,4.35,756001,https://i.gr-assets.com/images/S/compressed.photo.goodreads.com/books/1213131305i/149267._SX50_.jpg,cover_173.png
Green Eggs and Ham,https://www.goodreads.com/book/show/23772.Green_Eggs_and_Ham,Dr. Seuss,4.31,770924,https://i.gr-assets.com/images/S/compressed.photo.goodreads.com/books/1673212751i/23772._SX50_.jpg,cover_174.png
"Bridget Jones's Diary (Bridget Jones, #1)",https://www.goodreads.com/book/show/227443.Bridget_Jones_s_Diary,Helen Fielding,3.80,980440,https://i.gr-assets.com/images/S/compressed.photo.goodreads.com/books/1659879886i/227443._SY75_.jpg,cover_175.png
American Gods,https://www.goodreads.com/book/show/30165203-american-gods,Neil Gaiman,4.11,919970,https://i.gr-assets.com/images/S/compressed.photo.goodreads.com/books/1462924585i/30165203._SY75_.jpg,cover_176.png
The Scarlet Letter,https://www.goodreads.com/book/show/12296.The_Scarlet_Letter,Nathaniel Hawthorne,3.43,862050,https://i.gr-assets.com/images/S/compressed.photo.goodreads.com/books/1404810944i/12296._SY75_.jpg,cover_177.png
Great Expectations,https://www.goodreads.com/book/show/2623.Great_Expectations,Charles Dickens,3.79,798173,https://i.gr-assets.com/images/S/compressed.photo.goodreads.com/books/1631687432i/2623._SY75_.jpg,cover_178.png
"A Storm of Swords (A Song of Ice and Fire, #3)",https://www.goodreads.com/book/show/62291.A_Storm_of_Swords,George R.R. Martin,4.54,778351,https://i.gr-assets.com/images/S/compressed.photo.goodreads.com/books/1571318786i/62291._SY75_.jpg,cover_179.png
Matilda,https://www.goodreads.com/book/show/39988.Matilda,Roald Dahl,4.34,938216,https://i.gr-assets.com/images/S/compressed.photo.goodreads.com/books/1388793265i/39988._SY75_.jpg,cover_180.png
The Grapes of Wrath,https://www.goodreads.com/book/show/18114322-the-grapes-of-wrath,John Steinbeck,4.01,901792,https://i.gr-assets.com/images/S/compressed.photo.goodreads.com/books/1375670575i/18114322._SY75_.jpg,cover_181.png
Never Let Me Go,https://www.goodreads.com/book/show/6334.Never_Let_Me_Go,Kazuo Ishiguro,3.85,686237,https://i.gr-assets.com/images/S/compressed.photo.goodreads.com/books/1353048590i/6334._SY75_.jpg,cover_182.png
"The Pillars of the Earth (Kingsbridge, #1)",https://www.goodreads.com/book/show/5043.The_Pillars_of_the_Earth,Ken Follett,4.34,759893,https://i.gr-assets.com/images/S/compressed.photo.goodreads.com/books/1576956100i/5043._SY75_.jpg,cover_183.png
One Flew Over the Cuckoo's Nest,https://www.goodreads.com/book/show/332613.One_Flew_Over_the_Cuckoo_s_Nest,Ken Kesey,4.20,729498,https://i.gr-assets.com/images/S/compressed.photo.goodreads.com/books/1516211014i/332613._SX50_.jpg,cover_184.png
"The Name of the Wind (The Kingkiller Chronicle, #1)",https://www.goodreads.com/book/show/186074.The_Name_of_the_Wind,Patrick Rothfuss,4.52,953521,https://i.gr-assets.com/images/S/compressed.photo.goodreads.com/books/1704917687i/186074._SY75_.jpg,cover_185.png
The Poisonwood Bible,https://www.goodreads.com/book/show/7244.The_Poisonwood_Bible,Barbara Kingsolver,4.09,740625,https://i.gr-assets.com/images/S/compressed.photo.goodreads.com/books/1644073807i/7244._SY75_.jpg,cover_186.png
"Unbroken: A World War II Story of Survival, Resilience and Redemption",https://www.goodreads.com/book/show/8664353-unbroken,Laura Hillenbrand,4.38,930686,https://i.gr-assets.com/images/S/compressed.photo.goodreads.com/books/1327861115i/8664353._SY75_.jpg,cover_187.png
"Cinder (The Lunar Chronicles, #1)",https://www.goodreads.com/book/show/36381037-cinder,Marissa Meyer,4.13,918134,https://i.gr-assets.com/images/S/compressed.photo.goodreads.com/books/1507557775i/36381037._SY75_.jpg,cover_188.png
The Bell Jar,https://www.goodreads.com/book/show/6514.The_Bell_Jar,Sylvia Plath,4.05,945990,https://i.gr-assets.com/images/S/compressed.photo.goodreads.com/books/1554582218i/6514._SY75_.jpg,cover_189.png
The Joy Luck Club,https://www.goodreads.com/book/show/7763.The_Joy_Luck_Club,Amy Tan,3.97,681365,https://i.gr-assets.com/images/S/compressed.photo.goodreads.com/books/1304978653i/7763._SY75_.jpg,cover_190.png
Outliers: The Story of Success,https://www.goodreads.com/book/show/3228917-outliers,Malcolm Gladwell,4.19,780733,https://i.gr-assets.com/images/S/compressed.photo.goodreads.com/books/1344266315i/3228917._SX50_.jpg,cover_191.png
Freakonomics: A Rogue Economist Explores the Hidden Side of Everything,https://www.goodreads.com/book/show/1202.Freakonomics,Steven D. Levitt,4.01,848220,https://i.gr-assets.com/images/S/compressed.photo.goodreads.com/books/1550917827i/1202._SX50_.jpg,cover_192.png
Siddhartha,https://www.goodreads.com/book/show/52036.Siddhartha,Hermann Hesse,4.07,765808,https://i.gr-assets.com/images/S/compressed.photo.goodreads.com/books/1629378189i/52036._SY75_.jpg,cover_193.png
"The Girl Who Kicked the Hornet's Nest (Millennium, #3)",https://www.goodreads.com/book/show/6892870-the-girl-who-kicked-the-hornet-s-nest,Stieg Larsson,4.24,732423,https://i.gr-assets.com/images/S/compressed.photo.goodreads.com/books/1327708260i/6892870._SX50_.jpg,cover_194.png
Crime and Punishment,https://www.goodreads.com/book/show/7144.Crime_and_Punishment,Fyodor Dostoyevsky,4.27,893470,https://i.gr-assets.com/images/S/compressed.photo.goodreads.com/books/1382846449i/7144._SY75_.jpg,cover_195.png
Middlesex,https://www.goodreads.com/book/show/2187.Middlesex,Jeffrey Eugenides,4.03,637752,https://i.gr-assets.com/images/S/compressed.photo.goodreads.com/books/1437029776i/2187._SY75_.jpg,cover_196.png
The Color Purple,https://www.goodreads.com/book/show/52892857-the-color-purple,Alice Walker,4.27,679102,https://i.gr-assets.com/images/S/compressed.photo.goodreads.com/books/1703084419i/52892857._SY75_.jpg,cover_197.png
"The Devil Wears Prada (The Devil Wears Prada, #1)",https://www.goodreads.com/book/show/5139.The_Devil_Wears_Prada,Lauren Weisberger,3.80,886458,https://i.gr-assets.com/images/S/compressed.photo.goodreads.com/books/1388179604i/5139._SY75_.jpg,cover_198.png
Me Talk Pretty One Day,https://www.goodreads.com/book/show/4137.Me_Talk_Pretty_One_Day,David Sedaris,4.01,697335,https://i.gr-assets.com/images/S/compressed.photo.goodreads.com/books/1431013639i/4137._SY75_.jpg,cover_199.png
"City of Glass (The Mortal Instruments, #3)",https://www.goodreads.com/book/show/3777732-city-of-glass,Cassandra Clare,4.28,957516,https://i.gr-assets.com/images/S/compressed.photo.goodreads.com/books/1369452339i/3777732._SY75_.jpg,cover_200.png
Anna Karenina,https://www.goodreads.com/book/show/15823480-anna-karenina,Leo Tolstoy,4.09,842601,https://i.gr-assets.com/images/S/compressed.photo.goodreads.com/books/1546091617i/15823480._SX50_.jpg,cover_201.png
The Tipping Point: How Little Things Can Make a Big Difference,https://www.goodreads.com/book/show/2612.The_Tipping_Point,Malcolm Gladwell,4.00,811748,https://i.gr-assets.com/images/S/compressed.photo.goodreads.com/books/1473396980i/2612._SY75_.jpg,cover_202.png
Room,https://www.goodreads.com/book/show/7937843-room,Emma Donoghue,4.07,801577,https://i.gr-assets.com/images/S/compressed.photo.goodreads.com/books/1554546259i/7937843._SY75_.jpg,cover_203.png
Girl with a Pearl Earring,https://www.goodreads.com/book/show/2865.Girl_with_a_Pearl_Earring,Tracy Chevalier,3.92,734013,https://i.gr-assets.com/images/S/compressed.photo.goodreads.com/books/1327197580i/2865._SY75_.jpg,cover_204.png
Persuasion,https://www.goodreads.com/book/show/2156.Persuasion,Jane Austen,4.15,697160,https://i.gr-assets.com/images/S/compressed.photo.goodreads.com/books/1385172413i/2156._SY75_.jpg,cover_205.png
In Cold Blood,https://www.goodreads.com/book/show/168642.In_Cold_Blood,Truman Capote,4.09,654965,https://i.gr-assets.com/images/S/compressed.photo.goodreads.com/books/1424931136i/168642._SY75_.jpg,cover_206.png
"Wicked: The Life and Times of the Wicked Witch of the West (The Wicked Years, #1)",https://www.goodreads.com/book/show/37442.Wicked,Gregory Maguire,3.54,596185,https://i.gr-assets.com/images/S/compressed.photo.goodreads.com/books/1437733293i/37442._SY75_.jpg,cover_207.png
Thirteen Reasons Why,https://www.goodreads.com/book/show/29844228-thirteen-reasons-why,Jay Asher,3.85,965710,https://i.gr-assets.com/images/S/compressed.photo.goodreads.com/books/1555345043i/29844228._SY75_.jpg,cover_208.png
Alice’s Adventures in Wonderland / Through the Looking-Glass,https://www.goodreads.com/book/show/24213.Alice_s_Adventures_in_Wonderland_Through_the_Looking_Glass,Lewis Carroll,4.06,560708,https://i.gr-assets.com/images/S/compressed.photo.goodreads.com/books/1630487234i/24213._SX50_.jpg,cover_209.png
"A Time to Kill (Jake Brigance, #1)",https://www.goodreads.com/book/show/32542.A_Time_to_Kill,John Grisham,4.11,799568,https://i.gr-assets.com/images/S/compressed.photo.goodreads.com/books/1554303029i/32542._SY75_.jpg,cover_210.png
The Goldfinch,https://www.goodreads.com/book/show/17333223-the-goldfinch,Donna Tartt,3.94,918928,https://i.gr-assets.com/images/S/compressed.photo.goodreads.com/books/1378710146i/17333223._SY75_.jpg,cover_211.png
"The Last Olympian (Percy Jackson and the Olympians, #5)",https://www.goodreads.com/book/show/4556058-the-last-olympian,Rick Riordan,4.55,989789,https://i.gr-assets.com/images/S/compressed.photo.goodreads.com/books/1519022209i/4556058._SX50_.jpg,cover_212.png
The Night Circus,https://www.goodreads.com/book/show/9361589-the-night-circus,Erin Morgenstern,4.02,966367,https://i.gr-assets.com/images/S/compressed.photo.goodreads.com/books/1387124618i/9361589._SY75_.jpg,cover_213.png
Wild: From Lost to Found on the Pacific Crest Trail,https://www.goodreads.com/book/show/12262741-wild,Cheryl Strayed,4.06,791867,https://i.gr-assets.com/images/S/compressed.photo.goodreads.com/books/1453189881i/12262741._SY75_.jpg,cover_214.png
How to Win Friends and Influence People,https://www.goodreads.com/book/show/4865.How_to_Win_Friends_and_Influence_People,Dale Carnegie,4.22,969327,https://i.gr-assets.com/images/S/compressed.photo.goodreads.com/books/1442726934i/4865._SX50_.jpg,cover_215.png
"The Shadow of the Wind (The Cemetery of Forgotten Books, #1)",https://www.goodreads.com/book/show/1232.The_Shadow_of_the_Wind,Carlos Ruiz Zafón,4.30,630492,https://i.gr-assets.com/images/S/compressed.photo.goodreads.com/books/1628791882i/1232._SY75_.jpg,cover_216.png
The Guernsey Literary and Potato Peel Pie Society,https://www.goodreads.com/book/show/39832183-the-guernsey-literary-and-potato-peel-pie-society,Mary Ann Shaffer,4.19,749313,https://i.gr-assets.com/images/S/compressed.photo.goodreads.com/books/1529026760i/39832183._SY75_.jpg,cover_217.png
Rebecca,https://www.goodreads.com/book/show/17899948-rebecca,Daphne du Maurier,4.24,623837,https://i.gr-assets.com/images/S/compressed.photo.goodreads.com/books/1386605169i/17899948._SX50_.jpg,cover_218.png
"Red Queen (Red Queen, #1)",https://www.goodreads.com/book/show/22328546-red-queen,Victoria Aveyard,4.00,997172,https://i.gr-assets.com/images/S/compressed.photo.goodreads.com/books/1449778912i/22328546._SY75_.jpg,cover_219.png
The Five People You Meet in Heaven,https://www.goodreads.com/book/show/3431.The_Five_People_You_Meet_in_Heaven,Mitch Albom,3.99,716372,https://i.gr-assets.com/images/S/compressed.photo.goodreads.com/books/1388200541i/3431._SX50_.jpg,cover_220.png
Flowers for Algernon,https://www.goodreads.com/book/show/18373.Flowers_for_Algernon,Daniel Keyes,4.21,665517,https://i.gr-assets.com/images/S/compressed.photo.goodreads.com/books/1689071681i/18373._SY75_.jpg,cover_221.png
Fangirl,https://www.goodreads.com/book/show/16068905-fangirl,Rainbow Rowell,3.96,742778,https://i.gr-assets.com/images/S/compressed.photo.goodreads.com/books/1355886270i/16068905._SX50_.jpg,cover_222.png
"A Feast for Crows (A Song of Ice and Fire, #4)",https://www.goodreads.com/book/show/13497.A_Feast_for_Crows,George R.R. Martin,4.16,727283,https://i.gr-assets.com/images/S/compressed.photo.goodreads.com/books/1661026821i/13497._SY75_.jpg,cover_223.png
A Clockwork Orange,https://www.goodreads.com/book/show/227463.A_Clockwork_Orange,Anthony Burgess,4.00,708642,https://i.gr-assets.com/images/S/compressed.photo.goodreads.com/books/1681066799i/227463._SY75_.jpg,cover_224.png
"The Hate U Give (The Hate U Give, #1)",https://www.goodreads.com/book/show/32075671-the-hate-u-give,Angie Thomas,4.48,889182,https://i.gr-assets.com/images/S/compressed.photo.goodreads.com/books/1476284759i/32075671._SY75_.jpg,cover_225.png
"The Lost Hero (The Heroes of Olympus, #1)",https://www.goodreads.com/book/show/7736182-the-lost-hero,Rick Riordan,4.31,837335,https://i.gr-assets.com/images/S/compressed.photo.goodreads.com/books/1464201003i/7736182._SY75_.jpg,cover_226.png
"The Sisterhood of the Traveling Pants (Sisterhood, #1)",https://www.goodreads.com/book/show/452306.The_Sisterhood_of_the_Traveling_Pants,Ann Brashares,3.84,702904,https://i.gr-assets.com/images/S/compressed.photo.goodreads.com/books/1461611233i/452306._SY75_.jpg,cover_227.png
"The Lost Symbol (Robert Langdon, #3)",https://www.goodreads.com/book/show/6411961-the-lost-symbol,Dan Brown,3.75,606408,https://i.gr-assets.com/images/S/compressed.photo.goodreads.com/books/1534070883i/6411961._SY75_.jpg,cover_228.png
"Clockwork Angel (The Infernal Devices, #1)",https://www.goodreads.com/book/show/7171637-clockwork-angel,Cassandra Clare,4.31,826568,https://i.gr-assets.com/images/S/compressed.photo.goodreads.com/books/1693490271i/7171637._SY75_.jpg,cover_229.png
"Good Omens: The Nice and Accurate Prophecies of Agnes Nutter, Witch",https://www.goodreads.com/book/show/12067.Good_Omens,Terry Pratchett,4.26,741745,https://i.gr-assets.com/images/S/compressed.photo.goodreads.com/books/1615552073i/12067._SY75_.jpg,cover_230.png
The Firm,https://www.goodreads.com/book/show/5358.The_Firm,John Grisham,4.06,622656,https://i.gr-assets.com/images/S/compressed.photo.goodreads.com/books/1418465200i/5358._SY75_.jpg,cover_231.png
The Red Tent,https://www.goodreads.com/book/show/4989.The_Red_Tent,Anita Diamant,4.20,596255,https://i.gr-assets.com/images/S/compressed.photo.goodreads.com/books/1405739117i/4989._SY75_.jpg,cover_232.png
The Immortal Life of Henrietta Lacks,https://www.goodreads.com/book/show/6493208-the-immortal-life-of-henrietta-lacks,Rebecca Skloot,4.11,730811,https://i.gr-assets.com/images/S/compressed.photo.goodreads.com/books/1327878144i/6493208._SY75_.jpg,cover_233.png
Big Little Lies,https://www.goodreads.com/book/show/33516773-big-little-lies,Liane Moriarty,4.31,999132,https://i.gr-assets.com/images/S/compressed.photo.goodreads.com/books/1559835163i/33516773._SY75_.jpg,cover_234.png
"If I Stay (If I Stay, #1)",https://www.goodreads.com/book/show/4374400-if-i-stay,Gayle Forman,3.92,901333,https://i.gr-assets.com/images/S/compressed.photo.goodreads.com/books/1630573973i/4374400._SY75_.jpg,cover_235.png
Born a Crime: Stories From a South African Childhood,https://www.goodreads.com/book/show/29780253-born-a-crime,Trevor Noah,4.49,685896,https://i.gr-assets.com/images/S/compressed.photo.goodreads.com/books/1473867911i/29780253._SY75_.jpg,cover_236.png
Dark Places,https://www.goodreads.com/book/show/5886881-dark-places,Gillian Flynn,3.95,745753,https://i.gr-assets.com/images/S/compressed.photo.goodreads.com/books/1354988288i/5886881._SY75_.jpg,cover_237.png
The Guest List,https://www.goodreads.com/book/show/52656911-the-guest-list,Lucy Foley,3.82,975072,https://i.gr-assets.com/images/S/compressed.photo.goodreads.com/books/1591461181i/52656911._SY75_.jpg,cover_238.png
The Boy in the Striped Pajamas,https://www.goodreads.com/book/show/39999.The_Boy_in_the_Striped_Pajamas,John Boyne,4.16,821616,https://i.gr-assets.com/images/S/compressed.photo.goodreads.com/books/1366228171i/39999._SY75_.jpg,cover_239.png
The Woman in the Window,https://www.goodreads.com/book/show/40389527-the-woman-in-the-window,A.J. Finn,3.95,772627,https://i.gr-assets.com/images/S/compressed.photo.goodreads.com/books/1528225499i/40389527._SY75_.jpg,cover_240.png
"Matched (Matched, #1)",https://www.goodreads.com/book/show/7735333-matched,Ally Condie,3.63,776075,https://i.gr-assets.com/images/S/compressed.photo.goodreads.com/books/1367706191i/7735333._SY75_.jpg,cover_241.png
"The Elite (The Selection, #2)",https://www.goodreads.com/book/show/16248068-the-elite,Kiera Cass,3.95,763243,https://i.gr-assets.com/images/S/compressed.photo.goodreads.com/books/1391454595i/16248068._SY75_.jpg,cover_242.png
"Confessions of a Shopaholic (Shopaholic, #1)",https://www.goodreads.com/book/show/9416.Confessions_of_a_Shopaholic,Sophie Kinsella,3.69,748050,https://i.gr-assets.com/images/S/compressed.photo.goodreads.com/books/1546503932i/9416._SX50_.jpg,cover_243.png
A Gentleman in Moscow,https://www.goodreads.com/book/show/34066798-a-gentleman-in-moscow,Amor Towles,4.33,535137,https://i.gr-assets.com/images/S/compressed.photo.goodreads.com/books/1551480896i/34066798._SY75_.jpg,cover_244.png
The Husband's Secret,https://www.goodreads.com/book/show/17802724-the-husband-s-secret,Liane Moriarty,3.95,668720,https://i.gr-assets.com/images/S/compressed.photo.goodreads.com/books/1460577225i/17802724._SY75_.jpg,cover_245.png
Watchmen,https://www.goodreads.com/book/show/472331.Watchmen,Alan Moore,4.38,555664,https://i.gr-assets.com/images/S/compressed.photo.goodreads.com/books/1442239711i/472331._SY75_.jpg,cover_246.png
The Memory Keeper's Daughter,https://www.goodreads.com/book/show/10441.The_Memory_Keeper_s_Daughter,Kim Edwards,3.70,599307,https://i.gr-assets.com/images/S/compressed.photo.goodreads.com/books/1631287935i/10441._SY75_.jpg,cover_247.png
Divine Secrets of the Ya-Ya Sisterhood,https://www.goodreads.com/book/show/137791.Divine_Secrets_of_the_Ya_Ya_Sisterhood,Rebecca Wells,3.85,556228,https://i.gr-assets.com/images/S/compressed.photo.goodreads.com/books/1408313524i/137791._SY75_.jpg,cover_248.png
"Artemis Fowl (Artemis Fowl, #1)",https://www.goodreads.com/book/show/249747.Artemis_Fowl,Eoin Colfer,3.86,545416,https://i.gr-assets.com/images/S/compressed.photo.goodreads.com/books/1630661894i/249747._SX50_.jpg,cover_249.png
Coraline,https://www.goodreads.com/book/show/17061.Coraline,Neil Gaiman,4.12,685844,https://i.gr-assets.com/images/S/compressed.photo.goodreads.com/books/1493497435i/17061._SY75_.jpg,cover_250.png
"Six of Crows (Six of Crows, #1)",https://www.goodreads.com/book/show/23437156-six-of-crows,Leigh Bardugo,4.49,932559,https://i.gr-assets.com/images/S/compressed.photo.goodreads.com/books/1651710803i/23437156._SY75_.jpg,cover_251.png
"Fifty Shades Darker (Fifty Shades, #2)",https://www.goodreads.com/book/show/11857408-fifty-shades-darker,E.L. James,3.83,904588,https://i.gr-assets.com/images/S/compressed.photo.goodreads.com/books/1631260114i/11857408._SY75_.jpg,cover_252.png
A Walk to Remember,https://www.goodreads.com/book/show/35545737-a-walk-to-remember,Nicholas Sparks,4.20,802203,https://i.gr-assets.com/images/S/compressed.photo.goodreads.com/books/1498755310i/35545737._SY75_.jpg,cover_253.png
The 7 Habits of Highly Effective People: Powerful Lessons in Personal Change,https://www.goodreads.com/book/show/36072.The_7_Habits_of_Highly_Effective_People,Stephen R. Covey,4.16,735504,https://i.gr-assets.com/images/S/compressed.photo.goodreads.com/books/1421842784i/36072._SY75_.jpg,cover_254.png
"City of Ashes (The Mortal Instruments, #2)",https://www.goodreads.com/book/show/1582996.City_of_Ashes,Cassandra Clare,4.11,929489,https://i.gr-assets.com/images/S/compressed.photo.goodreads.com/books/1432730356i/1582996._SY75_.jpg,cover_255.png
"Murder on the Orient Express (Hercule Poirot, #10)",https://www.goodreads.com/book/show/853510.Murder_on_the_Orient_Express,Agatha Christie,4.20,615597,https://i.gr-assets.com/images/S/compressed.photo.goodreads.com/books/1486131451i/853510._SY75_.jpg,cover_256.png
"The Chronicles of Narnia (The Chronicles of Narnia, #1-7)",https://www.goodreads.com/book/show/11127.The_Chronicles_of_Narnia,C.S. Lewis,4.27,647081,https://i.gr-assets.com/images/S/compressed.photo.goodreads.com/books/1661032875i/11127._SY75_.jpg,cover_257.png
"The Cat in the Hat (The Cat in the Hat, #1)",https://www.goodreads.com/book/show/233093.The_Cat_in_the_Hat,Dr. Seuss,4.19,537706,https://i.gr-assets.com/images/S/compressed.photo.goodreads.com/books/1468890477i/233093._SX50_.jpg,cover_258.png
I Am Malala: The Story of the Girl Who Stood Up for Education and Was Shot by the Taliban,https://www.goodreads.com/book/show/17851885-i-am-malala,Malala Yousafzai,4.15,572627,https://i.gr-assets.com/images/S/compressed.photo.goodreads.com/books/1375414895i/17851885._SY75_.jpg,cover_259.png
"Vampire Academy (Vampire Academy, #1)",https://www.goodreads.com/book/show/345627.Vampire_Academy,Richelle Mead,4.11,642482,https://i.gr-assets.com/images/S/compressed.photo.goodreads.com/books/1361098973i/345627._SY75_.jpg,cover_260.png
"Fifty Shades Freed (Fifty Shades, #3)",https://www.goodreads.com/book/show/13536860-fifty-shades-freed,E.L. James,3.83,851357,https://i.gr-assets.com/images/S/compressed.photo.goodreads.com/books/1336418837i/13536860._SY75_.jpg,cover_261.png
"Red, White & Royal Blue",https://www.goodreads.com/book/show/41150487-red-white-royal-blue,Casey McQuiston,4.09,969609,https://i.gr-assets.com/images/S/compressed.photo.goodreads.com/books/1566742512i/41150487._SY75_.jpg,cover_262.png
Speak,https://www.goodreads.com/book/show/39280444-speak,Laurie Halse Anderson,4.05,589758,https://i.gr-assets.com/images/S/compressed.photo.goodreads.com/books/1529044298i/39280444._SY75_.jpg,cover_263.png
Deception Point,https://www.goodreads.com/book/show/976.Deception_Point,Dan Brown,3.75,668277,https://i.gr-assets.com/images/S/compressed.photo.goodreads.com/books/1551277487i/976._SY75_.jpg,cover_264.png
I'm Glad My Mom Died,https://www.goodreads.com/book/show/59364173-i-m-glad-my-mom-died,Jennette McCurdy,4.47,912315,https://i.gr-assets.com/images/S/compressed.photo.goodreads.com/books/1649286799i/59364173._SY75_.jpg,cover_265.png
"Shadow and Bone (The Shadow and Bone Trilogy, #1)",https://www.goodreads.com/book/show/10194157-shadow-and-bone,Leigh Bardugo,3.93,949993,https://i.gr-assets.com/images/S/compressed.photo.goodreads.com/books/1339533695i/10194157._SX50_.jpg,cover_266.png
"The Tattooist of Auschwitz (The Tattooist of Auschwitz, #1)",https://www.goodreads.com/book/show/38359036-the-tattooist-of-auschwitz,Heather Morris,4.30,917772,https://i.gr-assets.com/images/S/compressed.photo.goodreads.com/books/1525962117i/38359036._SY75_.jpg,cover_267.png
"The Inheritance Games (The Inheritance Games, #1)",https://www.goodreads.com/book/show/52439531-the-inheritance-games,Jennifer Lynn Barnes,4.17,676092,https://i.gr-assets.com/images/S/compressed.photo.goodreads.com/books/1587396413i/52439531._SY75_.jpg,cover_268.png
The Secret History,https://www.goodreads.com/book/show/29044.The_Secret_History,Donna Tartt,4.17,725768,https://i.gr-assets.com/images/S/compressed.photo.goodreads.com/books/1451554846i/29044._SY75_.jpg,cover_269.png
"To All the Boys I've Loved Before (To All the Boys I've Loved Before, #1)",https://www.goodreads.com/book/show/15749186-to-all-the-boys-i-ve-loved-before,Jenny Han,4.04,886334,https://i.gr-assets.com/images/S/compressed.photo.goodreads.com/books/1372086100i/15749186._SY75_.jpg,cover_270.png
"A Dance with Dragons (A Song of Ice and Fire, #5)",https://www.goodreads.com/book/show/10664113-a-dance-with-dragons,George R.R. Martin,4.34,649156,https://i.gr-assets.com/images/S/compressed.photo.goodreads.com/books/1581625286i/10664113._SX50_.jpg,cover_271.png
"The Magician's Nephew (Chronicles of Narnia, #6)",https://www.goodreads.com/book/show/65605.The_Magician_s_Nephew,C.S. Lewis,4.05,537356,https://i.gr-assets.com/images/S/compressed.photo.goodreads.com/books/1308814770i/65605._SY75_.jpg,cover_272.png
"Everything, Everything",https://www.goodreads.com/book/show/18692431-everything-everything,Nicola Yoon,3.98,616249,https://i.gr-assets.com/images/S/compressed.photo.goodreads.com/books/1450515891i/18692431._SY75_.jpg,cover_273.png
"Angela's Ashes (Frank McCourt, #1)",https://www.goodreads.com/book/show/252577.Angela_s_Ashes,Frank McCourt,4.14,627139,https://i.gr-assets.com/images/S/compressed.photo.goodreads.com/books/1348317139i/252577._SY75_.jpg,cover_274.png
The Last Thing He Told Me,https://www.goodreads.com/book/show/54981009-the-last-thing-he-told-me,Laura Dave,3.84,925557,https://i.gr-assets.com/images/S/compressed.photo.goodreads.com/books/1603034599i/54981009._SY75_.jpg,cover_275.png
"The Wise Man's Fear (The Kingkiller Chronicle, #2)",https://www.goodreads.com/book/show/1215032.The_Wise_Man_s_Fear,Patrick Rothfuss,4.55,552043,https://i.gr-assets.com/images/S/compressed.photo.goodreads.com/books/1452624392i/1215032._SY75_.jpg,cover_276.png
"A Good Girl's Guide to Murder (A Good Girl's Guide to Murder, #1)",https://www.goodreads.com/book/show/40916679-a-good-girl-s-guide-to-murder,Holly Jackson,4.33,994567,https://i.gr-assets.com/images/S/compressed.photo.goodreads.com/books/1545494980i/40916679._SY75_.jpg,cover_277.png
They Both Die at the End,https://www.goodreads.com/book/show/33385229-they-both-die-at-the-end,Adam Silvera,3.77,730024,https://i.gr-assets.com/images/S/compressed.photo.goodreads.com/books/1494333138i/33385229._SY75_.jpg,cover_278.png
The Graveyard Book,https://www.goodreads.com/book/show/2213661.The_Graveyard_Book,Neil Gaiman,4.16,535765,https://i.gr-assets.com/images/S/compressed.photo.goodreads.com/books/1531295292i/2213661._SY75_.jpg,cover_279.png
Happy Place,https://www.goodreads.com/book/show/61718053-happy-place,Emily Henry,4.03,728161,https://i.gr-assets.com/images/S/compressed.photo.goodreads.com/books/1660145160i/61718053._SY75_.jpg,cover_280.png
"Uglies (Uglies, #1)",https://www.goodreads.com/book/show/24770.Uglies,Scott Westerfeld,3.85,660784,https://i.gr-assets.com/images/S/compressed.photo.goodreads.com/books/1654202671i/24770._SX50_.jpg,cover_281.png
Digital Fortress,https://www.goodreads.com/book/show/11125.Digital_Fortress,Dan Brown,3.69,634565,https://i.gr-assets.com/images/S/compressed.photo.goodreads.com/books/1360095966i/11125._SY75_.jpg,cover_282.png
"Heartstopper: Volume One (Heartstopper, #1)",https://www.goodreads.com/book/show/40495957-heartstopper,Alice Oseman,4.47,704545,https://i.gr-assets.com/images/S/compressed.photo.goodreads.com/books/1541887843i/40495957._SY75_.jpg,cover_283.png
Man’s Search for Meaning,https://www.goodreads.com/book/show/4069.Man_s_Search_for_Meaning,Viktor E. Frankl,4.37,704487,https://i.gr-assets.com/images/S/compressed.photo.goodreads.com/books/1535419394i/4069._SY75_.jpg,cover_284.png
Bridge to Terabithia,https://www.goodreads.com/book/show/40940121-bridge-to-terabithia,Katherine Paterson,4.04,543348,https://i.gr-assets.com/images/S/compressed.photo.goodreads.com/books/1532478367i/40940121._SY75_.jpg,cover_285.png
The Vanishing Half,https://www.goodreads.com/book/show/51791252-the-vanishing-half,Brit Bennett,4.15,745426,https://i.gr-assets.com/images/S/compressed.photo.goodreads.com/books/1577090827l/51791252._SX50_SY75_.jpg,cover_286.png
"Tomorrow, and Tomorrow, and Tomorrow",https://www.goodreads.com/book/show/58784475-tomorrow-and-tomorrow-and-tomorrow,Gabrielle Zevin,4.18,799255,https://i.gr-assets.com/images/S/compressed.photo.goodreads.com/books/1636978687i/58784475._SY75_.jpg,cover_287.png
The Shack,https://www.goodreads.com/book/show/40874325-the-shack,William Paul Young,3.82,647748,https://i.gr-assets.com/images/S/compressed.photo.goodreads.com/books/1532013572i/40874325._SY75_.jpg,cover_288.png
"Shatter Me (Shatter Me, #1)",https://www.goodreads.com/book/show/10429045-shatter-me,Tahereh Mafi,3.86,857294,https://i.gr-assets.com/images/S/compressed.photo.goodreads.com/books/1310649047i/10429045._SY75_.jpg,cover_289.png
"The Devil in the White City: Murder, Magic, and Madness at the Fair That Changed America",https://www.goodreads.com/book/show/397483.The_Devil_in_the_White_City,Erik Larson,4.00,678102,https://i.gr-assets.com/images/S/compressed.photo.goodreads.com/books/1583433024i/397483._SY75_.jpg,cover_290.png
"One of Us Is Lying (One of Us is Lying, #1)",https://www.goodreads.com/book/show/58679358-one-of-us-is-lying,Karen M. McManus,3.94,831254,https://i.gr-assets.com/images/S/compressed.photo.goodreads.com/books/1632078539i/58679358._SY75_.jpg,cover_291.png
"Moby-Dick or, The Whale",https://www.goodreads.com/book/show/153747.Moby_Dick_or_The_Whale,Herman Melville,3.54,557399,https://i.gr-assets.com/images/S/compressed.photo.goodreads.com/books/1327940656i/153747._SY75_.jpg,cover_292.png
"The House in the Cerulean Sea (The House in the Cerulean Sea, #1)",https://www.goodreads.com/book/show/45047384-the-house-in-the-cerulean-sea,T.J. Klune,4.41,608430,https://i.gr-assets.com/images/S/compressed.photo.goodreads.com/books/1569514209i/45047384._SY75_.jpg,cover_293.png
The Hating Game,https://www.goodreads.com/book/show/27213238-the-hating-game,Sally Thorne,3.90,704766,https://i.gr-assets.com/images/S/compressed.photo.goodreads.com/books/1481566824i/27213238._SY75_.jpg,cover_294.png
"Aristotle and Dante Discover the Secrets of the Universe (Aristotle and Dante, #1)",https://www.goodreads.com/book/show/12000020-aristotle-and-dante-discover-the-secrets-of-the-universe,Benjamin Alire Sáenz,4.32,594518,https://i.gr-assets.com/images/S/compressed.photo.goodreads.com/books/1328320260i/12000020._SY75_.jpg,cover_295.png
11/22/63,https://www.goodreads.com/book/show/10644930-11-22-63,Stephen King,4.33,536090,https://i.gr-assets.com/images/S/compressed.photo.goodreads.com/books/1327876792i/10644930._SY75_.jpg,cover_296.png
"Hush, Hush (Hush, Hush, #1)",https://www.goodreads.com/book/show/6339664-hush-hush,Becca Fitzpatrick,3.93,701521,https://i.gr-assets.com/images/S/compressed.photo.goodreads.com/books/1358261334i/6339664._SY75_.jpg,cover_297.png
"Beautiful Disaster (Beautiful, #1)",https://www.goodreads.com/book/show/11505797-beautiful-disaster,Jamie McGuire,4.01,679545,https://i.gr-assets.com/images/S/compressed.photo.goodreads.com/books/1358259032i/11505797._SY75_.jpg,cover_298.png
"The Ballad of Songbirds and Snakes (The Hunger Games, #0)",https://www.goodreads.com/book/show/51901147-the-ballad-of-songbirds-and-snakes,Suzanne Collins,3.95,723518,https://i.gr-assets.com/images/S/compressed.photo.goodreads.com/books/1593892032i/51901147._SY75_.jpg,cover_299.png
"Beautiful Creatures (Caster Chronicles, #1)",https://www.goodreads.com/book/show/6304335-beautiful-creatures,Kami Garcia,3.77,597814,https://i.gr-assets.com/images/S/compressed.photo.goodreads.com/books/1327873282i/6304335._SY75_.jpg,cover_300.png
"The One (The Selection, #3)",https://www.goodreads.com/book/show/18635016-the-one,Kiera Cass,4.15,679389,https://i.gr-assets.com/images/S/compressed.photo.goodreads.com/books/1699307836i/18635016._SY75_.jpg,cover_301.png
Dear John,https://www.goodreads.com/book/show/5526.Dear_John,Nicholas Sparks,4.04,597006,https://i.gr-assets.com/images/S/compressed.photo.goodreads.com/books/1397749854i/5526._SY75_.jpg,cover_302.png
When Breath Becomes Air,https://www.goodreads.com/book/show/25899336-when-breath-becomes-air,Paul Kalanithi,4.40,660141,https://i.gr-assets.com/images/S/compressed.photo.goodreads.com/books/1492677644i/25899336._SX50_.jpg,cover_303.png
Dr. Jekyll and Mr. Hyde,https://www.goodreads.com/book/show/51496.Dr_Jekyll_and_Mr_Hyde,Robert Louis Stevenson,3.83,574384,https://i.gr-assets.com/images/S/compressed.photo.goodreads.com/books/1318116526i/51496._SY75_.jpg,cover_304.png
"Something Borrowed (Darcy & Rachel, #1)",https://www.goodreads.com/book/show/42156.Something_Borrowed,Emily Giffin,3.88,579009,https://i.gr-assets.com/images/S/compressed.photo.goodreads.com/books/1305063535i/42156._SY75_.jpg,cover_305.png
"The Final Empire (Mistborn, #1)",https://www.goodreads.com/book/show/68428.The_Final_Empire,Brandon Sanderson,4.48,675620,https://i.gr-assets.com/images/S/compressed.photo.goodreads.com/books/1617768316i/68428._SY75_.jpg,cover_306.png
"Clockwork Prince (The Infernal Devices, #2)",https://www.goodreads.com/book/show/10025305-clockwork-prince,Cassandra Clare,4.43,549563,https://i.gr-assets.com/images/S/compressed.photo.goodreads.com/books/1460477747i/10025305._SY75_.jpg,cover_307.png
"Diary of a Wimpy Kid (Diary of a Wimpy Kid, #1)",https://www.goodreads.com/book/show/389627.Diary_of_a_Wimpy_Kid,Jeff Kinney,3.98,689913,https://i.gr-assets.com/images/S/compressed.photo.goodreads.com/books/1388183826i/389627._SX50_.jpg,cover_308.png
"The Mark of Athena (The Heroes of Olympus, #3)",https://www.goodreads.com/book/show/12127750-the-mark-of-athena,Rick Riordan,4.47,594093,https://i.gr-assets.com/images/S/compressed.photo.goodreads.com/books/1464201354i/12127750._SY75_.jpg,cover_309.png
"Legend (Legend, #1)",https://www.goodreads.com/book/show/9275658-legend,Marie Lu,4.16,526465,https://i.gr-assets.com/images/S/compressed.photo.goodreads.com/books/1501368160i/9275658._SY75_.jpg,cover_310.png
"Unravel Me (Shatter Me, #2)",https://www.goodreads.com/book/show/13104080-unravel-me,Tahereh Mafi,4.15,525657,https://i.gr-assets.com/images/S/compressed.photo.goodreads.com/books/1340287622i/13104080._SY75_.jpg,cover_311.png
"Fallen (Fallen, #1)",https://www.goodreads.com/book/show/6487308-fallen,Lauren Kate,3.72,583687,https://i.gr-assets.com/images/S/compressed.photo.goodreads.com/books/1440619649i/6487308._SY75_.jpg,cover_312.png
"City of Fallen Angels (The Mortal Instruments, #4)",https://www.goodreads.com/book/show/6752378-city-of-fallen-angels,Cassandra Clare,4.08,598129,https://i.gr-assets.com/images/S/compressed.photo.goodreads.com/books/1369452302i/6752378._SY75_.jpg,cover_313.png
Number the Stars,https://www.goodreads.com/book/show/47281.Number_the_Stars,Lois Lowry,4.19,564222,https://i.gr-assets.com/images/S/compressed.photo.goodreads.com/books/1630542426i/47281._SX50_.jpg,cover_314.png
"I Know Why the Caged Bird Sings (Maya Angelou's Autobiography, #1)",https://www.goodreads.com/book/show/13214.I_Know_Why_the_Caged_Bird_Sings,Maya Angelou,4.29,527784,https://i.gr-assets.com/images/S/compressed.photo.goodreads.com/books/1327957927i/13214._SY75_.jpg,cover_315.png
Everything I Never Told You,https://www.goodreads.com/book/show/18693763-everything-i-never-told-you,Celeste Ng,3.85,545078,https://i.gr-assets.com/images/S/compressed.photo.goodreads.com/books/1386795198i/18693763._SY75_.jpg,cover_316.png
"Inferno (Robert Langdon, #4)",https://www.goodreads.com/book/show/17212231-inferno,Dan Brown,3.88,548308,https://i.gr-assets.com/images/S/compressed.photo.goodreads.com/books/1534070896i/17212231._SY75_.jpg,cover_317.png
"The Scorch Trials (The Maze Runner, #2)",https://www.goodreads.com/book/show/7631105-the-scorch-trials,James Dashner,3.90,577050,https://i.gr-assets.com/images/S/compressed.photo.goodreads.com/books/1388240248i/7631105._SY75_.jpg,cover_318.png
Anxious People,https://www.goodreads.com/book/show/53799686-anxious-people,Fredrik Backman,4.18,623636,https://i.gr-assets.com/images/S/compressed.photo.goodreads.com/books/1594234890i/53799686._SX50_.jpg,cover_319.png
"The Son of Neptune (The Heroes of Olympus, #2)",https://www.goodreads.com/book/show/9520360-the-son-of-neptune,Rick Riordan,4.42,582866,https://i.gr-assets.com/images/S/compressed.photo.goodreads.com/books/1464201114i/9520360._SY75_.jpg,cover_320.png
The Ocean at the End of the Lane,https://www.goodreads.com/book/show/15783514-the-ocean-at-the-end-of-the-lane,Neil Gaiman,4.02,614096,https://i.gr-assets.com/images/S/compressed.photo.goodreads.com/books/1497098563i/15783514._SY75_.jpg,cover_321.png
"One for the Money (Stephanie Plum, #1)",https://www.goodreads.com/book/show/6853.One_for_the_Money,Janet Evanovich,4.05,549126,https://i.gr-assets.com/images/S/compressed.photo.goodreads.com/books/1316730230i/6853._SY75_.jpg,cover_322.png
"Dead Until Dark (Sookie Stackhouse, #1)",https://www.goodreads.com/book/show/301082.Dead_Until_Dark,Charlaine Harris,3.97,538546,https://i.gr-assets.com/images/S/compressed.photo.goodreads.com/books/1468560853i/301082._SY75_.jpg,cover_323.png
All the Bright Places,https://www.goodreads.com/book/show/18460392-all-the-bright-places,Jennifer Niven,4.13,559557,https://i.gr-assets.com/images/S/compressed.photo.goodreads.com/books/1404331702i/18460392._SY75_.jpg,cover_324.png
A Midsummer Night’s Dream,https://www.goodreads.com/book/show/1622.A_Midsummer_Night_s_Dream,William Shakespeare,3.95,537770,https://i.gr-assets.com/images/S/compressed.photo.goodreads.com/books/1327874534i/1622._SY75_.jpg,cover_325.png
milk and honey,https://www.goodreads.com/book/show/23513349-milk-and-honey,Rupi Kaur,3.98,723435,https://i.gr-assets.com/images/S/compressed.photo.goodreads.com/books/1491595510i/23513349._SY75_.jpg,cover_326.png
Heart of Darkness,https://www.goodreads.com/book/show/4900.Heart_of_Darkness,Joseph Conrad,3.43,510192,https://i.gr-assets.com/images/S/compressed.photo.goodreads.com/books/1392799983i/4900._SX50_.jpg,cover_327.png
"Bared to You (Crossfire, #1)",https://www.goodreads.com/book/show/20448515-bared-to-you,Sylvia Day,4.14,524764,https://i.gr-assets.com/images/S/compressed.photo.goodreads.com/books/1433411511i/20448515._SY75_.jpg,cover_328.png
Pet Sematary,https://www.goodreads.com/book/show/33124137-pet-sematary,Stephen King,4.06,586384,https://i.gr-assets.com/images/S/compressed.photo.goodreads.com/books/1480069533i/33124137._SY75_.jpg,cover_329.png
An Abundance of Katherines,https://www.goodreads.com/book/show/49750.An_Abundance_of_Katherines,John Green,3.52,527374,https://i.gr-assets.com/images/S/compressed.photo.goodreads.com/books/1360206426i/49750._SY75_.jpg,cover_330.png
The Woman in Cabin 10,https://www.goodreads.com/book/show/28187230-the-woman-in-cabin-10,Ruth Ware,3.74,609644,https://i.gr-assets.com/images/S/compressed.photo.goodreads.com/books/1465878007i/28187230._SY75_.jpg,cover_331.png
"The Summer I Turned Pretty (Summer, #1)",https://www.goodreads.com/book/show/5821978-the-summer-i-turned-pretty,Jenny Han,3.76,759619,https://i.gr-assets.com/images/S/compressed.photo.goodreads.com/books/1361666855i/5821978._SY75_.jpg,cover_332.png
Atomic Habits: An Easy & Proven Way to Build Good Habits & Break Bad Ones,https://www.goodreads.com/book/show/40121378-atomic-habits,James Clear,4.36,844063,https://i.gr-assets.com/images/S/compressed.photo.goodreads.com/books/1655988385i/40121378._SY75_.jpg,cover_333.png
"Siege and Storm (The Shadow and Bone Trilogy, #2)",https://www.goodreads.com/book/show/14061955-siege-and-storm,Leigh Bardugo,3.82,600500,https://i.gr-assets.com/images/S/compressed.photo.goodreads.com/books/1362166252i/14061955._SX50_.jpg,cover_334.png
"Crooked Kingdom (Six of Crows, #2)",https://www.goodreads.com/book/show/22299763-crooked-kingdom,Leigh Bardugo,4.60,628910,https://i.gr-assets.com/images/S/compressed.photo.goodreads.com/books/1456172607i/22299763._SY75_.jpg,cover_335.png
"The Eye of the World (The Wheel of Time, #1)",https://www.goodreads.com/book/show/228665.The_Eye_of_the_World,Robert Jordan,4.19,527686,https://i.gr-assets.com/images/S/compressed.photo.goodreads.com/books/1659905815i/228665._SY75_.jpg,cover_336.png
Into Thin Air: A Personal Account of the Mount Everest Disaster,https://www.goodreads.com/book/show/1898.Into_Thin_Air,Jon Krakauer,4.24,502289,https://i.gr-assets.com/images/S/compressed.photo.goodreads.com/books/1631501298i/1898._SY75_.jpg,cover_337.png
East of Eden,https://www.goodreads.com/book/show/4406.East_of_Eden,John Steinbeck,4.41,534811,https://i.gr-assets.com/images/S/compressed.photo.goodreads.com/books/1639969375i/4406._SY75_.jpg,cover_338.png
"Iron Flame (The Empyrean, #2)",https://www.goodreads.com/book/show/90202302-iron-flame,Rebecca Yarros,4.36,789111,https://i.gr-assets.com/images/S/compressed.photo.goodreads.com/books/1706724269i/90202302._SY75_.jpg,cover_339.png
Blink: The Power of Thinking Without Thinking,https://www.goodreads.com/book/show/40102.Blink,Malcolm Gladwell,3.96,590076,https://i.gr-assets.com/images/S/compressed.photo.goodreads.com/books/1440763417i/40102._SX50_.jpg,cover_340.png
The Last Song,https://www.goodreads.com/book/show/6400090-the-last-song,Nicholas Sparks,4.16,553281,https://i.gr-assets.com/images/S/compressed.photo.goodreads.com/books/1286549186i/6400090._SY75_.jpg,cover_341.png
Misery,https://www.goodreads.com/book/show/10614.Misery,Stephen King,4.21,691699,https://i.gr-assets.com/images/S/compressed.photo.goodreads.com/books/1554220401i/10614._SY75_.jpg,cover_342.png
"Things We Never Got Over (Knockemout, #1)",https://www.goodreads.com/book/show/60060431-things-we-never-got-over,Lucy Score,4.17,728166,https://i.gr-assets.com/images/S/compressed.photo.goodreads.com/books/1641629293i/60060431._SY75_.jpg,cover_343.png
"The Deal (Off-Campus, #1)",https://www.goodreads.com/book/show/24920901-the-deal,Elle Kennedy,4.24,699307,https://i.gr-assets.com/images/S/compressed.photo.goodreads.com/books/1431282052i/24920901._SX50_.jpg,cover_344.png
"The Wicked King (The Folk of the Air, #2)",https://www.goodreads.com/book/show/26032887-the-wicked-king,Holly Black,4.31,727432,https://i.gr-assets.com/images/S/compressed.photo.goodreads.com/books/1520620414i/26032887._SY75_.jpg,cover_345.png
"The Spanish Love Deception (Spanish Love Deception, #1)",https://www.goodreads.com/book/show/54189398-the-spanish-love-deception,Elena Armas,3.84,669287,https://i.gr-assets.com/images/S/compressed.photo.goodreads.com/books/1610900883i/54189398._SY75_.jpg,cover_346.png
The Four Winds,https://www.goodreads.com/book/show/53138081-the-four-winds,Kristin Hannah,4.30,652759,https://i.gr-assets.com/images/S/compressed.photo.goodreads.com/books/1594925043i/53138081._SY75_.jpg,cover_347.png
Atonement,https://www.goodreads.com/book/show/6867.Atonement,Ian McEwan,3.94,517293,https://i.gr-assets.com/images/S/compressed.photo.goodreads.com/books/1320449708i/6867._SY75_.jpg,cover_348.png
Then She Was Gone,https://www.goodreads.com/book/show/35297426-then-she-was-gone,Lisa Jewell,4.06,658298,https://i.gr-assets.com/images/S/compressed.photo.goodreads.com/books/1523891273i/35297426._SY75_.jpg,cover_349.png
The Couple Next Door,https://www.goodreads.com/book/show/28815474-the-couple-next-door,Shari Lapena,3.81,580080,https://i.gr-assets.com/images/S/compressed.photo.goodreads.com/books/1471502242i/28815474._SY75_.jpg,cover_350.png
"Hopeless (Hopeless, #1)",https://www.goodreads.com/book/show/62967897-hopeless,Colleen Hoover,4.25,559710,https://i.gr-assets.com/images/S/compressed.photo.goodreads.com/books/1666362713i/62967897._SY75_.jpg,cover_351.png
The Perfect Marriage,https://www.goodreads.com/book/show/53450790-the-perfect-marriage,Jeneva Rose,3.97,633193,https://i.gr-assets.com/images/S/compressed.photo.goodreads.com/books/1593388297i/53450790._SY75_.jpg,cover_352.png
The Very Hungry Caterpillar,https://www.goodreads.com/book/show/4948.The_Very_Hungry_Caterpillar,Eric Carle,4.33,506868,https://i.gr-assets.com/images/S/compressed.photo.goodreads.com/books/1603739265i/4948._SX50_.jpg,cover_353.png
"The Silence of the Lambs (Hannibal Lecter, #2)",https://www.goodreads.com/book/show/23807.The_Silence_of_the_Lambs,Thomas Harris,4.24,545768,https://i.gr-assets.com/images/S/compressed.photo.goodreads.com/books/1647930822i/23807._SY75_.jpg,cover_354.png
"Queen of Shadows (Throne of Glass, #4)",https://www.goodreads.com/book/show/76707900-queen-of-shadows,Sarah J. Maas,4.60,721576,https://i.gr-assets.com/images/S/compressed.photo.goodreads.com/books/1673566810i/76707900._SY75_.jpg,cover_355.png
"Twisted Love (Twisted, #1)",https://www.goodreads.com/book/show/55817097-twisted-love,Ana Huang,3.73,804575,https://i.gr-assets.com/images/S/compressed.photo.goodreads.com/books/1618487915i/55817097._SY75_.jpg,cover_356.png
"The Rosie Project (Don Tillman, #1)",https://www.goodreads.com/book/show/16181775-the-rosie-project,Graeme Simsion,4.02,553788,https://i.gr-assets.com/images/S/compressed.photo.goodreads.com/books/1371651741i/16181775._SY75_.jpg,cover_357.png
"The Unhoneymooners (Unhoneymooners, #1)",https://www.goodreads.com/book/show/42201431-the-unhoneymooners,Christina Lauren,3.92,818538,https://i.gr-assets.com/images/S/compressed.photo.goodreads.com/books/1548201335i/42201431._SY75_.jpg,cover_358.png
"Heir of Fire (Throne of Glass, #3)",https://www.goodreads.com/book/show/20613470-heir-of-fire,Sarah J. Maas,4.47,819680,https://i.gr-assets.com/images/S/compressed.photo.goodreads.com/books/1460846511i/20613470._SY75_.jpg,cover_359.png
A Little Life,https://www.goodreads.com/book/show/22822858-a-little-life,Hanya Yanagihara,4.34,596627,https://i.gr-assets.com/images/S/compressed.photo.goodreads.com/books/1446469353i/22822858._SY75_.jpg,cover_360.png
"Crown of Midnight (Throne of Glass, #2)",https://www.goodreads.com/book/show/17167166-crown-of-midnight,Sarah J. Maas,4.36,947705,https://i.gr-assets.com/images/S/compressed.photo.goodreads.com/books/1391580481i/17167166._SY75_.jpg,cover_361.png
"The Queen of Nothing (The Folk of the Air, #3)",https://www.goodreads.com/book/show/26032912-the-queen-of-nothing,Holly Black,4.36,653847,https://i.gr-assets.com/images/S/compressed.photo.goodreads.com/books/1553624975i/26032912._SX50_.jpg,cover_362.png
"House of Earth and Blood (Crescent City, #1)",https://www.goodreads.com/book/show/44778083-house-of-earth-and-blood,Sarah J. Maas,4.50,627362,https://i.gr-assets.com/images/S/compressed.photo.goodreads.com/books/1559142847i/44778083._SY75_.jpg,cover_363.png
"From Blood and Ash (Blood and Ash, #1)",https://www.goodreads.com/book/show/52831200-from-blood-and-ash,Jennifer L. Armentrout,4.24,548216,https://i.gr-assets.com/images/S/compressed.photo.goodreads.com/books/1585598504i/52831200._SX50_.jpg,cover_364.png
"The Housemaid (The Housemaid, #1)",https://www.goodreads.com/book/show/60556912-the-housemaid,Freida McFadden,4.33,963506,https://i.gr-assets.com/images/S/compressed.photo.goodreads.com/books/1646534743i/60556912._SY75_.jpg,cover_365.png
Behind Closed Doors,https://www.goodreads.com/book/show/29437949-behind-closed-doors,B.A. Paris,3.98,587751,https://i.gr-assets.com/images/S/compressed.photo.goodreads.com/books/1458854462i/29437949._SY75_.jpg,cover_366.png
"Maybe Someday (Maybe, #1)",https://www.goodreads.com/book/show/62967882-maybe-someday,Colleen Hoover,4.02,531225,https://i.gr-assets.com/images/S/compressed.photo.goodreads.com/books/1666362550i/62967882._SY75_.jpg,cover_367.png
"Where'd You Go, Bernadette",https://www.goodreads.com/book/show/13526165-where-d-you-go-bernadette,Maria Semple,3.88,570220,https://i.gr-assets.com/images/S/compressed.photo.goodreads.com/books/1338822317i/13526165._SY75_.jpg,cover_368.png
Before We Were Yours,https://www.goodreads.com/book/show/32148570-before-we-were-yours,Lisa Wingate,4.40,598956,https://i.gr-assets.com/images/S/compressed.photo.goodreads.com/books/1498910914i/32148570._SY75_.jpg,cover_369.png
Love and Other Words,https://www.goodreads.com/book/show/36206591-love-and-other-words,Christina Lauren,4.28,546108,https://i.gr-assets.com/images/S/compressed.photo.goodreads.com/books/1667534514i/36206591._SY75_.jpg,cover_370.png
Norwegian Wood,https://www.goodreads.com/book/show/11297.Norwegian_Wood,Haruki Murakami,4.01,594189,https://i.gr-assets.com/images/S/compressed.photo.goodreads.com/books/1699682893i/11297._SY75_.jpg,cover_371.png
"The Bad Beginning (A Series of Unfortunate Events, #1)",https://www.goodreads.com/book/show/78411.The_Bad_Beginning,Lemony Snicket,4.01,517334,https://i.gr-assets.com/images/S/compressed.photo.goodreads.com/books/1436737029i/78411._SX50_.jpg,cover_372.png
"Foundation (Foundation, #1)",https://www.goodreads.com/book/show/29579.Foundation,Isaac Asimov,4.17,535262,https://i.gr-assets.com/images/S/compressed.photo.goodreads.com/books/1417900846i/29579._SX50_.jpg,cover_373.png
The Time Machine,https://www.goodreads.com/book/show/2493.The_Time_Machine,H.G. Wells,3.89,516531,https://i.gr-assets.com/images/S/compressed.photo.goodreads.com/books/1327942880i/2493._SY75_.jpg,cover_374.png
American Dirt,https://www.goodreads.com/book/show/45046527-american-dirt,Jeanine Cummins,4.37,564057,https://i.gr-assets.com/images/S/compressed.photo.goodreads.com/books/1559127861i/45046527._SY75_.jpg,cover_375.png
The Great Alone,https://www.goodreads.com/book/show/34912895-the-great-alone,Kristin Hannah,4.42,764414,https://i.gr-assets.com/images/S/compressed.photo.goodreads.com/books/1501852423i/34912895._SY75_.jpg,cover_376.png
"Rich Dad, Poor Dad",https://www.goodreads.com/book/show/69571.Rich_Dad_Poor_Dad,Robert T. Kiyosaki,4.12,613330,https://i.gr-assets.com/images/S/compressed.photo.goodreads.com/books/1388211242i/69571._SY75_.jpg,cover_377.png
Carrie,https://www.goodreads.com/book/show/10592.Carrie,Stephen King,3.98,715060,https://i.gr-assets.com/images/S/compressed.photo.goodreads.com/books/1166254258i/10592._SY75_.jpg,cover_378.png
Regretting You,https://www.goodreads.com/book/show/44582454-regretting-you,Colleen Hoover,4.14,581184,https://i.gr-assets.com/images/S/compressed.photo.goodreads.com/books/1559332442i/44582454._SY75_.jpg,cover_379.png
"Interview with the Vampire (The Vampire Chronicles, #1)",https://www.goodreads.com/book/show/43763.Interview_with_the_Vampire,Anne Rice,4.02,585529,https://i.gr-assets.com/images/S/compressed.photo.goodreads.com/books/1380631642i/43763._SY75_.jpg,cover_380.png
Turtles All the Way Down,https://www.goodreads.com/book/show/35504431-turtles-all-the-way-down,John Green,3.89,559401,https://i.gr-assets.com/images/S/compressed.photo.goodreads.com/books/1503002776i/35504431._SY75_.jpg,cover_381.png
Project Hail Mary,https://www.goodreads.com/book/show/54493401-project-hail-mary,Andy Weir,4.51,548096,https://i.gr-assets.com/images/S/compressed.photo.goodreads.com/books/1597695864i/54493401._SY75_.jpg,cover_382.png
Love in the Time of Cholera,https://www.goodreads.com/book/show/9712.Love_in_the_Time_of_Cholera,Gabriel García Márquez,3.94,501816,https://i.gr-assets.com/images/S/compressed.photo.goodreads.com/books/1644691354i/9712._SY75_.jpg,cover_383.png
Fight Club,https://www.goodreads.com/book/show/36236124-fight-club,Chuck Palahniuk,4.19,588293,https://i.gr-assets.com/images/S/compressed.photo.goodreads.com/books/1558216416i/36236124._SY75_.jpg,cover_384.png
"City of Lost Souls (The Mortal Instruments, #5)",https://www.goodreads.com/book/show/8755776-city-of-lost-souls,Cassandra Clare,4.22,528557,https://i.gr-assets.com/images/S/compressed.photo.goodreads.com/books/1460477703i/8755776._SY75_.jpg,cover_385.png
"Ruin and Rising (The Shadow and Bone Trilogy, #3)",https://www.goodreads.com/book/show/14061957-ruin-and-rising,Leigh Bardugo,3.99,515457,https://i.gr-assets.com/images/S/compressed.photo.goodreads.com/books/1392398530i/14061957._SX50_.jpg,cover_386.png
World War Z: An Oral History of the Zombie War,https://www.goodreads.com/book/show/8908.World_War_Z,Max Brooks,4.02,523018,https://i.gr-assets.com/images/S/compressed.photo.goodreads.com/books/1528312647i/8908._SX50_.jpg,cover_387.png
All Your Perfects,https://www.goodreads.com/book/show/38926487-all-your-perfects,Colleen Hoover,4.05,569324,https://i.gr-assets.com/images/S/compressed.photo.goodreads.com/books/1531682842i/38926487._SY75_.jpg,cover_388.png
"The Cuckoo's Calling (Cormoran Strike, #1)",https://www.goodreads.com/book/show/16160797-the-cuckoo-s-calling,Robert Galbraith,3.89,578278,https://i.gr-assets.com/images/S/compressed.photo.goodreads.com/books/1540217136i/16160797._SY75_.jpg,cover_389.png
"Neverwhere (London Below, #1)",https://www.goodreads.com/book/show/14497.Neverwhere,Neil Gaiman,4.17,526954,https://i.gr-assets.com/images/S/compressed.photo.goodreads.com/books/1348747943i/14497._SX50_.jpg,cover_390.png
"Empire of Storms (Throne of Glass, #5)",https://www.goodreads.com/book/show/76713323-empire-of-storms,Sarah J. Maas,4.61,609438,https://i.gr-assets.com/images/S/compressed.photo.goodreads.com/books/1676979605i/76713323._SY75_.jpg,cover_391.png
"The Gunslinger (The Dark Tower, #1)",https://www.goodreads.com/book/show/43615.The_Gunslinger,Stephen King,3.92,607315,https://i.gr-assets.com/images/S/compressed.photo.goodreads.com/books/1554220416i/43615._SY75_.jpg,cover_392.png
Yes Please,https://www.goodreads.com/book/show/20910157-yes-please,Amy Poehler,3.85,523168,https://i.gr-assets.com/images/S/compressed.photo.goodreads.com/books/1402815435i/20910157._SY75_.jpg,cover_393.png
Station Eleven,https://www.goodreads.com/book/show/20170404-station-eleven,Emily St. John Mandel,4.07,512695,https://i.gr-assets.com/images/S/compressed.photo.goodreads.com/books/1680459872i/20170404._SX50_.jpg,cover_394.png
"Icebreaker (Maple Hills, #1)",https://www.goodreads.com/book/show/61767292-icebreaker,Hannah Grace,3.92,665160,https://i.gr-assets.com/images/S/compressed.photo.goodreads.com/books/1659045816i/61767292._SY75_.jpg,cover_395.png
"It Happened One Summer (Bellinger Sisters, #1)",https://www.goodreads.com/book/show/55659629-it-happened-one-summer,Tessa Bailey,3.97,526070,https://i.gr-assets.com/images/S/compressed.photo.goodreads.com/books/1604991895i/55659629._SY75_.jpg,cover_396.png
The Art of Racing in the Rain,https://www.goodreads.com/book/show/3153910-the-art-of-racing-in-the-rain,Garth Stein,4.23,518121,https://i.gr-assets.com/images/S/compressed.photo.goodreads.com/books/1377206302i/3153910._SY75_.jpg,cover_397.png
Malibu Rising,https://www.goodreads.com/book/show/55404546-malibu-rising,Taylor Jenkins Reid,4.04,999597,https://i.gr-assets.com/images/S/compressed.photo.goodreads.com/books/1618293107i/55404546._SY75_.jpg,cover_398.png
Such a Fun Age,https://www.goodreads.com/book/show/43923951-such-a-fun-age,Kiley Reid,3.80,515920,https://i.gr-assets.com/images/S/compressed.photo.goodreads.com/books/1557181911i/43923951._SY75_.jpg,cover_399.png
"A Court of Silver Flames (A Court of Thorns and Roses, #4)",https://www.goodreads.com/book/show/53138095-a-court-of-silver-flames,Sarah J. Maas,4.47,998393,https://i.gr-assets.com/images/S/compressed.photo.goodreads.com/books/1602570691i/53138095._SY75_.jpg,cover_400.png
"The Maid (Molly the Maid, #1)",https://www.goodreads.com/book/show/55196813-the-maid,Nita Prose,3.78,520978,https://i.gr-assets.com/images/S/compressed.photo.goodreads.com/books/1643228739i/55196813._SY75_.jpg,cover_401.png
"Twisted Games (Twisted, #2)",https://www.goodreads.com/book/show/56653002-twisted-games,Ana Huang,4.12,537384,https://i.gr-assets.com/images/S/compressed.photo.goodreads.com/books/1625752847i/56653002._SY75_.jpg,cover_402.png
The Power of Habit: Why We Do What We Do in Life and Business,https://www.goodreads.com/book/show/12609433-the-power-of-habit,Charles Duhigg,4.13,503347,https://i.gr-assets.com/images/S/compressed.photo.goodreads.com/books/1545854312i/12609433._SY75_.jpg,cover_403.png
"The Assassin's Blade (Throne of Glass, #0.1-0.5)",https://www.goodreads.com/book/show/126062562-the-assassin-s-blade,Sarah J. Maas,4.25,532400,https://i.gr-assets.com/images/S/compressed.photo.goodreads.com/books/1680869667i/126062562._SY75_.jpg,cover_404.png
"It's Not Summer Without You (Summer, #2)",https://www.goodreads.com/book/show/6584188-it-s-not-summer-without-you,Jenny Han,3.79,506244,https://i.gr-assets.com/images/S/compressed.photo.goodreads.com/books/1479864019i/6584188._SY75_.jpg,cover_405.png
The Paris Apartment,https://www.goodreads.com/book/show/58468990-the-paris-apartment,Lucy Foley,3.67,500970,https://i.gr-assets.com/images/S/compressed.photo.goodreads.com/books/1645550948i/58468990._SY75_.jpg,cover_406.png
